Workbook

Sheet All docs
B1: PROIEL STATUS | C1: στο PROIEL annotated/ready for valency analysis | D1: στο PROIEL/reviewed/ready for annotation | E1: στο PROEIL/under review | F1: σε προ-επεξεργασία για εισαγωγή στο PROIEL
C2: ΠΡΩΤΗ ΦΑΣΗ | P2: treebank file
A3: Canonical ID | C3: Title/Author | D3: Source text/Translation | E3: Period | F3: Language | G3: PROIEL link | H3: Status | I3: Next step | J3: Contributors so far | K3: Currently handled by | L3: Original Format | M3: Original Download method | N3: Comments | O3: Original Source | Q3: Notes | R3: Script (if any)
A4: athdgc.001.001.001.lat.006.v1 | B4: added | C4: Jerome's Vulgate | D4: Translation | E4: 4th century CE | F4: Latin | G4: Jerome's Vulgate | H4: Uploaded to Proiel | I4: To be analysed | L4: proiel treebank | M4: proiel treebank | O4: ./data/syntacticus-treebank-data/proiel/latin-nt-1.xml | P4: ./data/syntacticus-treebank-data/proiel/latin-nt-1.xml
A5: athdgc.011.001.lat.000.000.v1 | B5: added | C5: Caesar: Commentarii belli Gallici | D5: Source text | E5: 1st century BCE | F5: Latin | G5: Caesar: Commentarii belli Gallici | H5: Uploaded to Proiel | I5: To be analysed | L5: proiel treebank | M5: proiel treebank | O5: ./data/syntacticus-treebank-data/proiel/caes-gal-1.xml | P5: ./data/syntacticus-treebank-data/proiel/caes-gal-1.xml
A6: athdgc.012.001.lat.000.000.v1 | B6: added | C6: Cicero: Epistulae ad Atticum | D6: Source text | E6: 1st century BCE | F6: Latin | G6: Cicero: Epistulae ad Atticum | H6: Uploaded to Proiel | I6: To be analysed | L6: proiel treebank | M6: proiel treebank | O6: ./data/syntacticus-treebank-data/proiel/cic-att-1.xml | P6: ./data/syntacticus-treebank-data/proiel/cic-att-1.xml
A7: athdgc.012.002.lat.000.000.v1 | B7: added | C7: Cicero: De officiis | D7: Source text | E7: 1st century BCE | F7: Latin | G7: Cicero: De officiis | H7: Uploaded to Proiel | I7: To be analysed | L7: proiel treebank | M7: proiel treebank | O7: ./data/syntacticus-treebank-data/proiel/cic-off-1.xml | P7: ./data/syntacticus-treebank-data/proiel/cic-off-1.xml
A8: athdgc.025.001.lat.000.000.v1 | B8: added | C8: Palladius: Opus agriculturae | D8: Source text | E8: 5th century CE | F8: Latin | G8: Palladius: Opus agriculturae | H8: Uploaded to Proiel | I8: To be analysed | L8: proiel treebank | M8: proiel treebank | O8: ./data/syntacticus-treebank-data/proiel/pal-agr-1.xml | P8: ./data/syntacticus-treebank-data/proiel/pal-agr-1.xml
A9: athdgc.006.001.lat.000.000.v1 | B9: added | C9: Peregrinatio Aetheriae | D9: Source text | E9: 4th century CE | F9: Latin | G9: Peregrinatio Aetheriae | H9: Uploaded to Proiel | I9: To be analysed | L9: proiel treebank | M9: proiel treebank | O9: ./data/syntacticus-treebank-data/proiel/per-aeth-1.xml | P9: ./data/syntacticus-treebank-data/proiel/per-aeth-1.xml
A10: athdgc.001.001.001.got.007.v1 | B10: added | C10: Wulfila Bible | D10: Source text | E10: 4th century CE | F10: Old Gothic | G10: The Gothic Bible | H10: Uploaded to Proiel | I10: To be analysed | L10: proiel treebank | M10: proiel treebank | O10: ./data/syntacticus-treebank-data/proiel/gothic-nt-v2.0.xml | P10: ./data/syntacticus-treebank-data/proiel/gothic-nt-v2.0.xml
A11: athdgc.002.016.fro.000.000.v1 | B11: added | C11: La Vie Saint Eustace | D11: Source text | E11: 12th century CE | F11: Old French | G11: La Vie Saint Eustace | H11: Uploaded to Proiel | I11: To be analysed | L11: proiel treebank | M11: proiel treebank | O11: ./data/iswoc-treebank/eustace-1.xml | P11: ./data/iswoc-treebank/eustace-1.xml
A12: athdgc.002.005.ang.000.000.v1 | B12: added | C12: Orosius | D12: Source text | E12: 5th century CE | F12: Old English | G12: Orosius | H12: Uploaded to Proiel | I12: To be analysed | L12: proiel treebank | M12: proiel treebank | O12: ./data/iswoc-treebank/or-1.xml | P12: ./data/iswoc-treebank/or-1.xml
A13: athdgc.001.001n.grc.ang.002.v1 | B13: added | C13: West-Saxon Gospels | D13: Translation | E13: 10th century CE | F13: Old English | G13: West-Saxon Gospels | H13: Uploaded to Proiel | I13: To be analysed | L13: proiel treebank | M13: proiel treebank | O13: ./data/iswoc-treebank/wscp-1.xml | P13: ./data/iswoc-treebank/wscp-1.xml
A14: athdgc.002.006.ang.000.000.v1 | B14: added | C14: Anglo-Saxon Chronicles | D14: Source text | E14: 9th - 12th century CE | F14: Old English | G14: Anglo-Saxon Chronicles | H14: Uploaded to Proiel | I14: To be analysed | L14: proiel treebank | M14: proiel treebank | O14: ./data/iswoc-treebank/chrona-1.xml | P14: ./data/iswoc-treebank/chrona-1.xml
A15: athdgc.004.001.ang.000.000.v1 | B15: added | C15: Ælfric's Lives of Saints | D15: Source text | E15: 10th century CE | F15: Old English | G15: Ælfric's Lives of Saints | H15: Uploaded to Proiel | I15: To be analysed | L15: proiel treebank | M15: proiel treebank | O15: ./data/iswoc-treebank/æls.xml | P15: ./data/iswoc-treebank/æls.xml
... A19: athdgc.018.001.grc.000.000.v1 | B19: added | C19: Histories - by Herodotus | D19: Source text | E19: 5th century BCE | F19: Ancient Greek | G19: Herodotus: Histories | H19: Uploaded to Proiel | I19: To be reviewed | L19: proiel treebank | M19: proiel treebank | O19: ./data/syntacticus-treebank-data/proiel/hdt.xml | P19: ./data/syntacticus-treebank-data/proiel/hdt.xml
A20: athdgc.029.001.grc.eng.025.v1 | B20: added | C20: Sophocles- Antigone | D20: Translation | E20: 19th century | F20: Modern English | G20: Sophocles: Antigone-TEST1 | H20: To be downloaded | I20: To be preprocessed | J20: Natasa | K20: Natasa | L20: CanonicalLit | M20: automated script | N20: structured info, no treebank available | O20: https://scaife.perseus.org/reader/urn:cts:greekLit:tlg0011.tlg002.perseus-eng2:1-80/, ./PerseusDL/canonical-greekLit/data/tlg0011/tlg002/tlg0011.tlg002.perseus-eng2.xml | P20: ./data/tlg0011.tlg002.perseus-eng2-canoncallit-test1-stage1.xml | R20: readCanonicalLit-Sophocles-Antigone-eng2-test1.ipynb
A21: athdgc.003.001.eng.000.000.v1 | B21: added | C21: Pride and Prejudice | D21: Source text | E21: 19th century CE | F21: Modern English | G21: Jane Austen: Pride and Prejudice | H21: Reviewed in Proiel | I21: To be annotated | J21: Eleni, Vangelis | K21: Sofia | L21: docx | M21: automated script | N21: Sent by email to Thodoris | O21: Gutenberg
A22: athdgc.001.001.001.eng.005.v1 | B22: added | C22: Young's Literal Translation | D22: Translation | E22: 1862 | F22: Modern English | G22: Robert Young: Young's Literal Translation-TEST2 | H22: Uploaded to Proiel | I22: To be reviewed | J22: Eleni | K22: Theodoros | L22: PDF | M22: automated script | N22: On OSF | O22: https://ebible.org/engylt/, ./data/Young\'s_literal_translation_of_the_Bible-with-tags.txt | P22: ./data/Youngs_literal_translation_of_the_Bible-text-eng-test2-stage1.xml | Q22: a) some sections are empty like Samuel 2, b) replace "--" with ":" -- έχουν φύγει, ενώ κανονικά αντι στοιχεί σε παύλα, και οι λέξεις που χώριζε έχουν ενωθεί, π.χ. Exodus 23-5 (it--thou -> itthou) | R22: readStructuredText-Youngs-Bible-eng-test2.ipynb
A23: athdgc.001.002.eng.000.000.v1 | B23: added | C23: The Tale of Beowulf | D23: Translation | E23: 19th century | F23: Modern English [from Medieval Greek] | G23: A.J. Wyatt: The Tale of Beowulf Sometime King of the Folk of the Weder Geats-TEST2 | H23: Uploaded to Proiel | I23: To be reviewed | J23: Sofia | K23: Sofia | L23: online | M23: automated script | O23: https://en.wikisource.org/wiki/The_Tale_of_Beowulf, ./data/TheTaleofBeowulf_Wyatt-2025-10.json | P23: ./data/TheTaleofBeowulf_Wyatt-html-eng-test2-stage1.xml | Q23: first letter in missing each chapter//metadata done, corrected | R23: readStructuredText-TheTaleofBeowulf-Wyatt-eng-test2.ipynb
A24: athdgc.001.001n.grc.eng.004.v1 | B24: added | C24: Tyndale's Bible - New Testament | D24: Translation | E24: 1526 | F24: Early Modern English | G24: William Tyndale: The first New Testament printed in English-New Testament-TEST2 | H24: Uploaded to Proiel | I24: To be reviewed | J24: Thodoris | K24: Sofia | M24: automated script | O24: ./data/Tyndale-NewTestament-only.txt | P24: ./data/BibleTydel-NT-txt-test3-stage1.xml | Q24: Missing i The gospell of Saynct Mathew, this is in the New Testament.txt biut parser ignores | R24: ParseTydel-NewTestament-GemXMLwithimprovements-SET5(based on Planoudis).ipynb
A25: athdgc.001.001.001.enm.003.v1 | B25: added | C25: Wycliffe Bible | D25: Translation | E25: 1382 | F25: Middle English | G25: John Wycliffe: Bible John Wycliff translation-TEST1 | H25: Uploaded to Proiel | I25: To be reviewed | J25: Sophia, Eleni | K25: Sofia | L25: docx | M25: automated script | N25: On OSF | O25: Wikisource
A26: athdgc.016.001.enm.000.000.v1 | B26: added | C26: Canterbury Tales | D26: Source text | E26: 15th century CE | F26: Middle English | G26: Geoffrey Chaucer: Canterbury tales-TEST1 | H26: Uploaded to Proiel | I26: To be reviewed | J26: Thodoris | K26: Sofia | L26: txt | M26: automated script | O26: LLDS (Literary and Linguistic Data Service) of Oxford
A27: athdgc.001.001o.grc.eng.004.v1 | B27: added | C27: Tyndale's Bible - Old Testament | D27: Translation | E27: 1526 | F27: Early Modern English | G27: William Tyndale: The first New Testament printed in English-Old Testament-TEST2 | H27: Uploaded to Proiel | I27: Reviewed | J27: Thodoris | K27: Sofia | M27: automated script
A28: athdgc.002.007.ang.000.000.v1 | B28: added | C28: Lay le Freine | D28: Source text | E28: late 13th-14th century | F28: Middle English | G28: Anonymous: Lay le Freine-Middle English Breton Lays-TEST2 | H28: Uploaded to Proiel | I28: Reviewed | J28: Eleni | K28: Sofia | L28: docx | M28: automated script | N28: Sent by email to Thodoris | O28: METS, ./data/Lay-le-Freine-2025-08.html | P28: ./data/Lay-le-Freine-html-ang-test2-stage1.xml | Q28: line 30-erase 1/ l. 56 erase 2/ l. 128 erase 3/ l.117 erase 4/l. 125 erase 5/ l. 139 erase 6 | R28: readStructuredText-Lay le Freine-ang-test2.ipynb
A29: athdgc.032.001.enm.000.000.v1 | B29: added | C29: The Vision of Piers Plowman | D29: Source text | E29: 14th century CE | F29: Middle English | G29: WilliamLangland: William Langland's The vision of Piers Plowman-TEST1 | H29: Uploaded to Proiel | I29: Reviewed | J29: Eleni, Sofia | K29: Sofia | L29: docx | M29: automated script | N29: Sent by email to Thodoris | O29: Michigan Library
A30: athdgc.002.010.enm.000.000.v1 | B30: added | C30: Sir Gawain and the Green Knight | D30: Source text | E30: 14th century CE | F30: Middle English | G30: anonymous: Sir Gawain and the Green Knight-TEST1 | H30: Uploaded to Proiel | I30: Reviewed | K30: Sofia | L30: xml | M30: automated script | N30: unstructured text | O30: Gutenberg - INSTEAD THIS WAS USED https://www.gersum.org/texts/show?occurrences=Gaw - this is also in list 'Downloaded' | Q30: inserted to PROIEL for evaluations, https://dialing.enl.uoa.gr/proiel/sources/80 | S30: Effort required (*/a few hours, **/a few days, /*** a few weeks, ****/a few months) | T30: **
A31: athdgc.002.011.enm.000.000.v1 | B31: added | C31: Sir Orfeo | D31: Source text | E31: late 13th-14th century | F31: Middle English | G31: Anonymous: Sir Orfeo-Middle English Breton Lays-TEST1 | H31: Uploaded to Proiel | I31: Reviewed | J31: Eleni,Sofa | K31: Eleni,Sofa | L31: docx | M31: automated script | N31: Sent by email to Thodoris | O31: METS | Q31: Used https://metseditions.org/texts/A4GxkPrUzD59hz0LcavGPc7152ZE6Wz
A32: athdgc.002.008.ang.000.000.v1 | B32: added | C32: The Battle of Maldon | D32: Source text | E32: 10th century CE | F32: Old English | G32: Anonymous: The Battle of Maldon-TEST3 | H32: Uploaded to Proiel | I32: Reviewed | J32: Eleni | K32: Eleni | L32: docx | M32: automated script | N32: Sent by email to Thodoris | O32: https://www.sacred-texts.com/neu/ascp/a09.htm, ./data/The-Battle-of-Maldon-2025-08.html | P32: ./data/The-Battle-of-Maldon-html-ang-test3-stage1.xml | R32: readStructuredText-The-Battle-of-Maldon-ang-test2.ipynb
A33: athdgc.002.003.ang.000.000.v1 | B33: added | C33: The Dream of the Rood | D33: Source text | E33: 10th century CE | F33: Old English | G33: Anonymous: Dream of the Rood-TEST1 | H33: Uploaded to Proiel | I33: To be reviewed | J33: Eleni | K33: Sofia | L33: txt | M33: automated script | N33: On OSF | O33: https://www.sacred-texts.com/neu/ascp/a02_05.htm
A34: athdgc.002.004.ang.000.000.v1 | B34: added | C34: The Seafarer | D34: Source text | E34: 10th century CE | F34: Old English | G34: Anonymous: The Seafarer-TEST1 | H34: Uploaded to Proiel | I34: Reviewed | J34: Eleni | K34: Eleni | L34: docx | M34: automated script | N34: On OSF | O34: https://www.sacred-texts.com/neu/ascp/a03_09.htm
A35: athdgc.002.002.ang.000.000.v1 | B35: added | C35: The Wanderer | D35: Source text | E35: 10th century CE | F35: Old English | G35: Anonymous: The Wanderer-TEST1 | H35: Uploaded to Proiel | I35: Reviewed | J35: Eleni | K35: Eleni | L35: docx | M35: automated script | N35: Sent by email to Thodoris | O35: https://www.sacred-texts.com/neu/ascp/a03_06.htm
A36: athdgc.001.001n.grc.ell.008.v1 | B36: added | C36: Alexandros Palles: Η Νέα Διαθήκη : κατά το Βατικανό Χειρόγραφο-Πληρες Κείμενο-1 | D36: Translation | E36: 20th century CE | F36: Modern Greek | G36: Alexandros Palles: Η Νέα Διαθήκη : κατά το Βατικανό Χειρόγραφο-Πληρες Κείμενο-1 | H36: Reviewed in Proiel | I36: To be annotated | M36: automated script
A37: athdgc.001.001n.grc.ell.001.v1 | B37: added | C37: Hellenic Bible Society: Η Καινή Διαθήκη σε μετάφραση στη Δημοτική (TGV) - ΕΥΑΓΓΕΛΙΟ ΚΑΤΑ ΜΑΤΘΑΙΟΝ/ΕΥΑΓΓΕΛΙΟ ΚΑΤΑ ΜΑΡΚΟΝ | D37: Translation | E37: 20th - 21st century CE | F37: Modern Greek | G37: Hellenic Bible Society: Η Καινή Διαθήκη σε μετάφραση στη Δημοτική (TGV) - ΕΥΑΓΓΕΛΙΟ ΚΑΤΑ ΜΑΤΘΑΙΟΝ/ΕΥΑΓΓΕΛΙΟ ΚΑΤΑ ΜΑΡΚΟΝ | H37: Reviewed in Proiel | I37: To be annotated | M37: automated script
A38: athdgc.002.013.ell.000.000.v1 | B38: added | C38: Ανώνυμος: Το Χρονικό του Μορέως | D38: Source text | E38: 14th century CE | F38: Modern Greek | G38: Ανώνυμος: Το Χρονικό του Μορέως | H38: Reviewed in Proiel | I38: To be annotated | M38: automated script
A39: athdgc.001.001n.grc.ell.009.v1 | B39: added | C39: Maximos of Gallipoli: Η ΚΑΙΝΗ ΔΙΑΘΗΚΗ ΤΟΥ ΚΥΡΙΟΥ ΗΜΩΝ ΙΗΣΟΥ ΧΡΙΣΤΟΥ-ΚΑΤΑ ΜΑΤΘΑΙΟ-ΚΑΤΑ ΜΑΡΚΟΝ | D39: Translation | E39: 17th century CE | F39: Modern Greek | G39: Maximos of Gallipoli: Η ΚΑΙΝΗ ΔΙΑΘΗΚΗ ΤΟΥ ΚΥΡΙΟΥ ΗΜΩΝ ΙΗΣΟΥ ΧΡΙΣΤΟΥ-ΚΑΤΑ ΜΑΤΘΑΙΟ-ΚΑΤΑ ΜΑΡΚΟΝ | H39: Reviewed in Proiel | I39: To be annotated | M39: automated script
A40: athdgc.001.001.001.ell.010.v1 | B40: added | C40: Νεόφυτος Βάμβας: Η Αγία Γραφή (Παλαιά και Καινή Διαθήκη) στη μετάφραση Νεόφυτου Βάμβα (MNB) - ΚΑΤΑ ΤΟ ΜΑΤΘΑΙΟ-ΚΑΤΑ ΤΟ ΜΑΡΚΟ | D40: Translation | E40: 19th century CE | F40: Modern Greek | G40: Νεόφυτος Βάμβας: Η Αγία Γραφή (Παλαιά και Καινή Διαθήκη) στη μετάφραση Νεόφυτου Βάμβα (MNB) - ΚΑΤΑ ΤΟ ΜΑΤΘΑΙΟ-ΚΑΤΑ ΤΟ ΜΑΡΚΟ | H40: Reviewed in Proiel | I40: To be annotated | M40: automated script
A41: athdgc.002.014.ell.000.000.v1 | B41: added | C41: D. C. Hesseling: Le roman de Digénis Akritas [ανάτυπο] / D. C. Hesseling. - TEST1 | D41: Source text | E41: 19th century CE | F41: Modern Greek | G41: D. C. Hesseling: Le roman de Digénis Akritas [ανάτυπο] / D. C. Hesseling. - TEST1 | H41: Reviewed in Proiel | I41: To be annotated | M41: automated script
A42: athdgc.010.001.lat.ell.018.v1 | B42: added | C42: Μάξιμος Πλανούδης: ΒΟΗΘΙΟΥ ΒΙΒΛΟΣ - ΠΕΡΙ ΠΑΡΑΜΥΘΙΑΣ - ΒΙΒΛΙΟ Α,Β,Γ,Δ - ΔΟΚ-3 | D42: Translation | E42: 13th century CE | F42: Modern Greek | G42: Μάξιμος Πλανούδης: ΒΟΗΘΙΟΥ ΒΙΒΛΟΣ - ΠΕΡΙ ΠΑΡΑΜΥΘΙΑΣ - ΒΙΒΛΙΟ Α,Β,Γ,Δ - ΔΟΚ-3 | H42: Reviewed in Proiel | I42: To be annotated | M42: automated script
A43: athdgc.002.015.ell.000.000.v1 | B43: added | C43: Άσμα του Αρμούρη / Song of Armouris | D43: Source text | E43: 11th-12th century CE | F43: Medieval Greek | G43: Anonymous: ΤΟ ΑΣΜΑ ΤΟΥ ΑΡΜΟΥΡΗ-TEST2 | H43: Reviewed in Proiel | I43: To be annotated | J43: Eleni | K43: Vasilis | L43: docx | M43: automated script | N43: On OSF | O43: http://users.uoa.gr/~nektar/arts/tributes/poetry_of_romania/armoyrhs.htm
A44: athdgc.022.001.grc.000.000.v1 | B44: added | C44: Chronographia - Ψελλός | D44: Source text | E44: 11th century CE | F44: Medieval Greek | G44: Μιχαήλ Ψελλός: Χρονογραφία-TEST5 | H44: Uploaded to Proiel | I44: To be reviewed | J44: Eleni | K44: Eleni | L44: docx | M44: automated script | N44: On OSF, "./data/Chronographia-Psellos-2025-09a.html" # this is amodified version that excludes some tags | O44: https://byzantium.gr/keimena/psellos.php, "./data/Chronographia-Psellos-2025-09b.html" # this is amodified version that excludes some tags | P44: ./data/Chronographia-Psellos-html-ell-test5-stage1.xml | Q44: a) "ο τι΄ should be replaced "ο,τι", b) some titles like 1.5τ in https://dialing.enl.uoa.gr/proiel/source_divisions/12127 are subtitles and should be removed --> ok now; how about "ό τι"? - corrected | R44: readStructuredText-Chronographi-Psellos-ell-test3.ipynb
A45: athdgc.014.002.grc.000.000.v1 | B45: added | C45: Μήδεια | D45: Source text | E45: 5th century CE - edition 1871 | F45: Ancient Greek | G45: Ευριπίδης: Μήδεια-TEST13 | H45: Uploaded to Proiel | I45: Reviewed | J45: Natasa, Eleni | K45: Natasa | L45: txt | M45: automated script | N45: structured info canonicalit perseus | O45: Perseus, /PerseusDL/canonical-greekLit/data/tlg0006/tlg003/tlg0006.tlg003.perseus-grc2.xml | P45: ./data/tlg0006.tlg003.perseus-grc2-canoncallit-test13-stage1.xml | R45: readCanonicalLit-Euripides-Medea-grc2-test6.ipynb
A46: athdgc.021.001.grc.000.000.v1 | B46: added | C46: Iliad | D46: Source text | E46: 8th century BCE | F46: Ancient Greek | G46: Homer: Iliad-Treebank-TEST1 | H46: Uploaded to Proiel | I46: Reviewed | K46: Natasa | L46: xml | M46: automated script | N46: structured info, there is also a UD treebank in https://github.com/UniversalDependencies/UD_Ancient_Greek-Perseus | O46: Perseus, ./PerseusDL/treebank_data/v2.1/Greek/texts/tlg0012.tlg001.perseus-grc1.tb.xml | Q46: grc1 | S46: Effort required (*/a few hours, **/a few days, /*** a few weeks, ****/a few months) | T46: **
A47: athdgc.021.002.grc.000.000.v1 | B47: added | C47: Odyssey | D47: Source text | E47: 8th century BCE | F47: Ancient Greek | G47: Homer: Odyssey-Treebank-TEST2 | H47: Uploaded to Proiel | I47: Reviewed | K47: Natasa | L47: xml | M47: automated script | N47: structured info, there is also a GAGDT 2.0 treebank in https://github.com/PerseusDL/treebank_data/tree/master/v2.1/Greek | O47: Perseus, ./PerseusDL/treebank_data/v2.1/Greek/texts/tlg0012.tlg002.perseus-grc1a.tb.xml | Q47: some modifications were applied to the treebank to deal with errors | S47: Effort required (*/a few hours, **/a few days, /*** a few weeks, ****/a few months) | T47: **
A48: athdgc.005.003.grc.000.000.v1 | B48: added | C48: Eumenides- by Aeschylus | D48: Source text | E48: 5th century BCE | F48: Ancient Greek | G48: Αισχύλος: Ευμενίδες-TEST2 | H48: Uploaded to Proiel | I48: Reviewed | K48: Natasa | L48: xml | M48: automated script | N48: structured info, there is also a UD bank at https://github.com/UniversalDependencies/UD_Ancient_Greek-Perseus | O48: Eumenides, ./PerseusDL/canonical-greekLit/data/tlg0085/tlg007/tlg0085.tlg007.perseus-grc2.xml | P48: ./data/tlg0085.tlg007.perseus-grc2-canoncallit-test2-stage1.xml | R48: readCanonicalLit-Aeschylus-Eumenides-perseus-grc2-test2-stage1.ipynb | S48: Effort required (*/a few hours, **/a few days, /*** a few weeks, ****/a few months) | T48: **
A49: athdgc.005.001.grc.000.000.v1 | B49: added | C49: Choephorae- by Aeschylus | D49: Source text | E49: 5th century BCE | F49: Ancient Greek | G49: Αισχύλος: Χοηφόροι-TEST3 | H49: Uploaded to Proiel | I49: Reviewed | K49: Natasa | L49: xml | M49: automated script | N49: structured info, there is also a UD bank at https://github.com/UniversalDependencies/UD_Ancient_Greek-Perseus | O49: Libation Bearers, ./PerseusDL/canonical-greekLit/data/tlg0085/tlg006/tlg0085.tlg006.perseus-grc2.xml | P49: ./data/tlg0085.tlg006.perseus-grc2-canoncallit-test3-stage1.xml | Q49: inserted to PROIEL for evaluation, USED CanonicalLit data, https://dialing.enl.uoa.gr/proiel/sources/80 | R49: readCanonicalLit-Aeschylus-LibationBearers-perseus-grc2-test1-stage1.ipynb | S49: Effort required (*/a few hours, **/a few days, /*** a few weeks, ****/a few months) | T49: **
A50: athdgc.005.002.grc.000.000.v1 | B50: added | C50: Agamemnon - by Aeschylus | D50: Source text | E50: 5th century BCE | F50: Ancient Greek | G50: Αισχύλος: Αγαμέμνων-TEST4 | H50: Uploaded to Proiel | I50: Reviewed | K50: Natasa | L50: xml | M50: automated script | N50: From Perseus (3 plays), structured info, there is also a UD bank at https://github.com/UniversalDependencies/UD_Ancient_Greek-Perseus | O50: Agamemnon, ./PerseusDL/canonical-greekLit/data/tlg0085/tlg005/tlg0085.tlg005.perseus-grc2.xml" | P50: ./data/tlg0085.tlg005.perseus-grc2-canoncallit-test4-stage1.xml | Q50: inserted to PROIEL for evaluation, USED CanonicalLit data, Αγαμέμνων (ενημερωμένη έκδοση), Χοηφόροι, Ευμένιδες. https://dialing.enl.uoa.gr/proiel/sources/74, https://dialing.enl.uoa.gr/proiel/sources/75, https://dialing.enl.uoa.gr/proiel/sources/76 | R50: readCanonicalLit-Aeschylus-Agamemnon-perseus-grc2-test4-stage1.ipynb | S50: Effort required (*/a few hours, **/a few days, /*** a few weeks, ****/a few months) | T50: **
A51: athdgc.014.001.grc.000.000.v1 | B51: added | C51: Bacchae | D51: Source text | E51: 5th century BCE | F51: Ancient Greek | G51: Ευριπίδης: Βάκχαι-TEST3 | H51: Uploaded to Proiel | I51: Reviewed | K51: Natasa | L51: xml | M51: automated script | N51: structured info, no treebank available | O51: Perseus, ./PerseusDL/canonical-greekLit/data/tlg0006/tlg017/tlg0006.tlg017.perseus-grc2.xml | P51: ./data/tlg0006.tlg003.perseus-grc2-canoncallit-test11-stage1.xml | Q51: inserted to PROIEL for evaluation, USED CanonicalLit data, https://dialing.enl.uoa.gr/proiel/sources/84 | R51: readCanonicalLit-Euripides-Bacches-grc2-test1.ipynb | S51: Effort required (*/a few hours, **/a few days, /*** a few weeks, ****/a few months) | T51: **
A52: athdgc.001.001o.hbo.grc.002.v1 | B52: added | C52: The Septuagint (Swete) | D52: Translation | E52: 3rd - 1st century BCE | F52: Ancient Greek | G52: The Septuagint (Swete) | H52: Reviewed in Proiel | I52: To be annotated | M52: automated script
A53: athdgc.019.002.grc.000.000.v1 | B53: added | C53: Works and Days - by Hesiod | D53: Source text | E53: 7th century BCE | F53: Ancient Greek | G53: Ησίοδος: Έργα και Ημέρες-TEST3 | H53: Uploaded to Proiel | I53: Reviewed | K53: Natasa | L53: xml | M53: automated script | N53: structured info, there is also a UD bank at https://github.com/UniversalDependencies/UD_Ancient_Greek-Perseus | O53: Perseus, ./PerseusDL/treebank_data/v2.1/Greek/texts/tlg0020.tlg002.perseus-grc1.tb.xml | S53: Effort required (*/a few hours, **/a few days, /*** a few weeks, ****/a few months) | T53: **
A54: athdgc.029.001.grc.000.000.v1 | B54: added | C54: Sophocles- Antigone | D54: Source text | E54: 5th century BC | F54: Ancient Greek | G54: Sophocles: Antigone-TEST1 | H54: To be downloaded | I54: To be preprocessed | J54: Natasa | K54: Natasa | L54: CanonicalLit | M54: automated script | N54: structured info, no treebank available | O54: https://scaife.perseus.org/reader/urn:cts:greekLit:tlg0011.tlg002.perseus-grc2:1-30/, ./PerseusDL/canonical-greekLit/data/tlg0011/tlg002/tlg0011.tlg002.perseus-grc2.xml | P54: ./data/tlg0011.tlg002.perseus-grc2-canoncallit-test1-stage1.xml | R54: readCanonicalLit-Sophocles-Antigone-grc2-test1.ipynb
A55: athdgc.008.003.grc.000.000.v1 | B55: added | C55: Aristophanes-Ecclesiazusae | D55: Source text | E55: 5th-4th century BC | F55: Ancient Greek | G55: Aristophanes: Ecclesiazusae-TEST1 | H55: Uploaded to Proiel | I55: Reviewed | J55: Natasa | K55: Natasa | L55: CanonicalLit | M55: automated script | N55: structured info, no treebank available | O55: https://scaife.perseus.org/reader/urn:cts:greekLit:tlg0019.tlg010.perseus-grc2:0-29/, ./PerseusDL/canonical-greekLit/data/tlg0019/tlg010/tlg0019.tlg010.perseus-grc2.xml | P55: ./data/tlg0019.tlg010.perseus-grc2-canoncallit-test1-stage1.xml | R55: readCanonicalLit-Aristophanes-Ecclesiazusae-grc2-test1.ipynb
A56: athdgc.019.001.grc.000.000.v1 | B56: added | C56: Theogony - by Hesiod | D56: Source text | E56: 7th century BCE | F56: Ancient Greek | G56: Ησίοδος: ΘΕΟΓΟΝΙΑ-TEST1 | H56: Uploaded to Proiel | I56: Reviewed | K56: Natasa | L56: xml | M56: automated script | N56: structured info, there is also a UD bank at https://github.com/UniversalDependencies/UD_Ancient_Greek-Perseus | O56: Perseus, ./PerseusDL/canonical-greekLit/data/tlg0020/tlg001/tlg0020.tlg001.perseus-grc2.xml | S56: Effort required (*/a few hours, **/a few days, /*** a few weeks, ****/a few months) | T56: **
A57: athdgc.013.001.grc.000.000.v1 | B57: added | C57: Bibliotheca Historica - by Diodorus Siculus | D57: Source text | E57: 1st century BCE | F57: Koine Greek | G57: Diodorus Siculus: Βιβλιοθήκη Ἱστορική (Books 1-5, 11-17, 18-20)-TEST2 | H57: Uploaded to Proiel | I57: To be reviewed | K57: Eleni | L57: xml | M57: automated script | N57: structured info, there is also a UD bank at https://github.com/UniversalDependencies/UD_Ancient_Greek-Perseus | O57: Perseus, ./PerseusDL/canonical-greekLit/data/tlg0060/tlg001/tlg0060.tlg001.perseus-grc5a.xml - ./PerseusDL/canonical-greekLit/data/tlg0060/tlg001/tlg0060.tlg001.perseus-grc4.xml - ./PerseusDL/canonical-greekLit/data/tlg0060/tlg001/tlg0060.tlg001.perseus-grc6.xml | P57: ./data/tlg0060.tlg001.perseus-grc4-5-6-canoncallit-test2-stage1.xml | Q57: inserted to PROIEL for evaluation, USED CanonicalLit data, https://dialing.enl.uoa.gr/proiel/sources/82 | R57: readCanonicalLit-Diodoros-BibliotecaHistorica-perseus-grc456-test2-stage1.ipynb | S57: Effort required (*/a few hours, **/a few days, /*** a few weeks, ****/a few months) | T57: **
A58: athdgc.002.012.enm.000.000.v1 | B58: added | C58: The Owl and the Nightingale | D58: Source text | E58: 13th century CE | F58: Middle English | G58: Anonymous: The owl and the nightingale (MS Cotton)-TEST3 | H58: Uploaded to Proiel | I58: To be reviewed | J58: Eleni | K58: Sofia | L58: txt | M58: automated script | N58: On OSF | O58: Michigan Library, ./data/The-owl-and-the-nightingale-2025-08curl.html | P58: ./data/The-owl-and-the-nightingale-html-enm-test2-stage1.xml | Q58: Used curl download from https://quod.lib.umich.edu/c/cme/OwlC/1:1?rgn=div1;view=fulltext. Removed folio info, removed brackets from suggested letters, line. 52 close parenthesis | R58: readStructuredText-The owl and the nightingale-enm-test2.ipynb
A59: athdgc.010.001.lat.000.000.v1 | B59: added | C59: Boethius: De Consolatione Philosophiae | D59: Source text | E59: 524 μ.Χ. | F59: Latin | G59: Simon de Freine, Jean de Meun: Boethius: De Consolatione Philosophiae-TEST1 | H59: Uploaded to Proiel | I59: To be reviewed | L59: online | M59: automated script | N59: many parallel translations, de Meun's is the middle column | O59: Bibliotheca Polyglotta, ./data/BoethiusConsolationofPhilosophy-JeandeMeunNotker-Books-lat-2025-10.json | P59: ./data/BoethiusConsolationofPhilosophy-JeandeMeunNotker-html-lat-test1-stage1.xml | R59: readStructuredText-BoethiusConsolationofPhilosophy-JeandeMeunNotker-lat-test1.ipynb | S59: Effort required (*/a few hours, **/a few days, /*** a few weeks, ****/a few months)
B60: added | C60: Roman de la Rose-A. S. Kline trnsl. | D60: Translation | E60: 2019 | F60: Modern English | G60: A. S. Kline: The Romance of the Rose-Kline-TEST1 | H60: Uploaded to Proiel | I60: To be reviewed | J60: Sofia | K60: Eleni | L60: txt | M60: automated script | N60: On OSF/ drive | O60: https://www.gutenberg.org/files/16816/16816-h/16816-h.htm, https://www.poetryintranslation.com/PITBR/French/LeRomanDeLaRosePartI.php#anchor_Toc8917489, ./data/Romance-of-the-Rose_transl.Eng.Kline.txt | P60: ./data/Romance-of-the-Rose-Kline-text-eng-test1-stage1.xml | R60: readStructuredText-RomandelaRose-Kline-eng-test1.ipynb
A61: athdgc.021.002.grc.eng.027.v1 | B61: added | C61: Homer. The Odyssey | D61: Translation | E61: 20th century | F61: Modern English | G61: Homer: Oddysey-Heinmann-TEST1 | H61: to be reviewed | I61: To be preprocessed | J61: Natasa | K61: Natasa | L61: CanonicalLit | M61: automated script | N61: structured info, no treebank available | O61: https://scaife.perseus.org/reader/urn:cts:greekLit:tlg0012.tlg002.perseus-eng3:1.1-1.178/, ./PerseusDL/canonical-greekLit/data/tlg0012/tlg002/tlg0012.tlg002.perseus-eng3.xml | P61: ./data/tlg0012.tlg002.perseus-eng3-canoncallit-test1-stage1.xml | R61: readCanonicalLit-Oddysey-Homer-perseus-eng3-test1-stage1.ipynb
A62: athdgc.021.002.grc.eng.026.v1 | B62: added | C62: Homer. The Odyssey | D62: Translation | E62: 20th century | F62: Modern English | G62: Homer: Oddysey-Butler-TEST1 | H62: to be reviewed | I62: To be preprocessed | J62: Natasa | K62: Natasa | L62: CanonicalLit | M62: automated script | N62: structured info, no treebank available | O62: https://scaife.perseus.org/reader/urn:cts:greekLit:tlg0012.tlg002.perseus-eng4:1.1-1.230/, ./PerseusDL/canonical-greekLit/data/tlg0012/tlg002/tlg0012.tlg002.perseus-eng4.xml | P62: ./data/tlg0012.tlg002.perseus-eng4-canoncallit-test1-stage1.xml | R62: readCanonicalLit-Oddysey-Homer-perseus-eng4-test1-stage1.ipynb
A63: urn:cts:greekLit:tlg0012.tlg001.perseus-eng3 | B63: added | C63: Homer. The Iliad | D63: Translation | E63: 20th century | F63: Modern English | G63: Homer: Iliad-Heinmann-TEST1 | H63: to be reviewed | I63: To be preprocessed | J63: Natasa | K63: Natasa | L63: CanonicalLit | M63: automated script | N63: structured info, no treebank available | O63: https://scaife.perseus.org/reader/urn:cts:greekLit:tlg0012.tlg001.perseus-eng3:1.1-1.130/, ./PerseusDL/canonical-greekLit/data/tlg0012/tlg001/tlg0012.tlg001.perseus-eng3.xml | P63: ./data/tlg0012.tlg001.perseus-eng3-canoncallit-test1-stage1.xml | R63: readCanonicalLit-Iliad-Homer-perseus-eng3-test1-stage1.ipynb
A64: urn:cts:greekLit:tlg0012.tlg001.perseus-eng4 | B64: added | C64: Homer. The Iliad | D64: Translation | E64: 19th century | F64: Modern English | G64: Homer: Iliad-Butler-TEST1 | H64: to be reviewed | I64: To be preprocessed | J64: Natasa | K64: Natasa | L64: CanonicalLit | M64: automated script | N64: structured info, no treebank available | O64: https://scaife.perseus.org/reader/urn:cts:greekLit:tlg0012.tlg001.perseus-eng4:1.1-1.160/, ./PerseusDL/canonical-greekLit/data/tlg0012/tlg001/tlg0012.tlg001.perseus-eng4.xml | P64: ./data/tlg0012.tlg001.perseus-eng4-canoncallit-test1-stage1.xml | R64: readCanonicalLit-Iliad-Homer-perseus-eng4-test1-stage1.ipynb
A65: athdgc.019.002.grc.eng.024.v1 | B65: added | C65: Hesiod- Works and Days | D65: Translation | E65: 20th century | F65: Modern English | G65: Hesiod: Works and Days-TEST1 | H65: Uploaded to Proiel | I65: To be reviewed | J65: Natasa | K65: Natasa | L65: xml | M65: automated script | N65: structured info, no treebank available | O65: https://scaife.perseus.org/reader/urn:cts:greekLit:tlg0020.tlg002.perseus-eng2:1-145/, ./PerseusDL/canonical-greekLit/data/tlg0020/tlg002/tlg0020.tlg002.perseus-eng2.xml | P65: /data/tlg0020.tlg002.perseus-eng2-canoncallit-test1-stage1.xml | R65: readCanonicalLit-Hesiod-WorkAndDays-perseus-eng2-test1-stage1.ipynb
A66: athdgc.019.001.grc.eng.024.v1 | B66: added | C66: Hesiod, Theogonia | D66: Translation | E66: 20th century | F66: Modern English | G66: Hesiod: Theogonia-TEST1 | H66: Uploaded to Proiel | I66: To be reviewed | J66: Natasa | K66: Natasa | L66: xml | M66: automated script | N66: structured info, no treebank available | O66: https://scaife.perseus.org/reader/urn:cts:greekLit:tlg0020.tlg001.perseus-eng2:1-20/, ./PerseusDL/canonical-greekLit/data/tlg0020/tlg001/tlg0020.tlg001.perseus-eng2.xml | P66: ./data/tlg0020.tlg001.perseus-eng2-canoncallit-test1-stage1.xml | R66: readCanonicalLit-Hesiod-Theogony-perseus-eng2-test1-stage1.ipynb
A67: athdgc.026.001.grc.000.000.v1 | B67: added | C67: Plato -Republic | D67: Translation | E67: 20th century | F67: Modern English | G67: Plato: Republic-TEST1 | H67: Uploaded to Proiel | I67: To be reviewed | J67: Natasa | K67: Natasa | L67: xml | M67: automated script | N67: structured info, no treebank available | O67: https://scaife.perseus.org/reader/urn:cts:greekLit:tlg0059.tlg030.perseus-eng2:1.327-1.331/, ./PerseusDL/canonical-greekLit//data/tlg0059/tlg030/tlg0059.tlg030.perseus-eng2.xml | P67: ./data/tlg0059.tlg030.perseus-eng2-canoncallit-test1-stage1.xml | R67: readCanonicalLit-Plato-Republic-perseus-eng2-test1-stage1.ipynb
A68: athdgc.009.001.grc.eng.014.v1 | B68: added | C68: Aristotle. The Nicomachean Ethics. | D68: Translation | E68: 20th century | F68: Modern English | G68: Aristotle: Nicomachean Ethics-TEST1 | H68: Uploaded to Proiel | I68: To be reviewed | J68: Natasa | K68: Natasa | L68: xml | M68: automated script | N68: structured info, no treebank available | O68: https://scaife.perseus.org/reader/urn:cts:greekLit:tlg0086.tlg010.perseus-eng2:1.1.1-1.1.5/, ./PerseusDL/canonical-greekLit//data/tlg0086/tlg010/tlg0086.tlg010.perseus-eng2.xml | P68: ./data/tlg0086.tlg010.perseus-eng2-canoncallit-test1-stage1.xml | R68: readCanonicalLit-Aristotle-Nicomachean Ethics-perseus-eng2-test1-stage1.ipynb
A69: athdgc.029.002.grc.eng.025.v1 | B69: added | C69: Sophocles-Electra | D69: Translation | E69: 19th century | F69: Modern English | G69: Sophocles: Electra-TEST1 | H69: To be downloaded | I69: To be preprocessed | J69: Natasa | K69: Natasa | L69: CanonicalLit | M69: automated script | N69: structured info, no treebank available | O69: https://scaife.perseus.org/reader/urn:cts:greekLit:tlg0011.tlg005.perseus-eng2:1-115/, , ./PerseusDL/canonical-greekLit/data/tlg0011/tlg005/tlg0011.tlg005.perseus-eng2.xml | P69: ./data/tlg0011.tlg005.perseus-eng2-canoncallit-test1-stage1.xml | R69: readCanonicalLit-Sophocles-Electra-eng2-test1.ipynb
A70: athdgc.008.002.grc.eng.013.v1 | B70: added | C70: Aristophanes-Clouds | D70: Translation | E70: 19th century | F70: Modern English | G70: Aristophanes: Clouds-TEST1 | H70: Uploaded to Proiel | I70: To be reviewed | J70: Natasa | K70: Natasa | L70: CanonicalLit | M70: automated script | N70: structured info, no treebank available | O70: https://scaife.perseus.org/reader/urn:cts:greekLit:tlg0019.tlg003.perseus-eng2:0-80b/, ./PerseusDL/canonical-greekLit/data/tlg0019/tlg003/tlg0019.tlg003.perseus-eng2.xml | P70: ./data/tlg0019.tlg003.perseus-eng2-canoncallit-test1-stage1.xml | R70: readCanonicalLit-Aristophanes-Clouds-eng2-test1.ipynb
A71: athdgc.008.001.grc.eng.002.v1 | B71: added | C71: Aristophanes-Birds | D71: Translation | E71: 20th century | F71: Modern English | G71: Aristophanes: Birds-TEST1 | H71: Uploaded to Proiel | I71: To be reviewed | J71: Natasa | K71: Natasa | L71: CanonicalLit | M71: automated script | N71: structured info, no treebank available | O71: https://scaife.perseus.org/reader/urn:cts:greekLit:tlg0019.tlg006.perseus-eng2:0-54/, ./PerseusDL/canonical-greekLit/data/tlg0019/tlg006/tlg0019.tlg006.perseus-eng2.xml | P71: ./data/tlg0019.tlg006.perseus-eng2-canoncallit-test1-stage1.xml | R71: readCanonicalLit-Aristophanes-Birds-eng2-test1.ipynb
A72: athdgc.014.001.grc.eng.021.v1 | B72: added | C72: Euripides-Bacchae | D72: Translation | E72: 19th century | F72: Modern English | G72: Euripides: Bacchae-TEST1 | H72: Uploaded to Proiel | I72: To be reviewed | J72: Natasa | K72: Natasa | L72: CanonicalLit | M72: automated script | O72: https://scaife.perseus.org/reader/urn:cts:greekLit:tlg0006.tlg017.perseus-eng2:0-125/, ./PerseusDL/canonical-greekLit/data/tlg0006/tlg017/tlg0006.tlg017.perseus-eng2.xml | P72: ./data/tlg0006.tlg017.perseus-eng2-canoncallit-test1-stage1.xml | R72: readCanonicalLit-Euripides-Bacches-eng-test1.ipynb
A73: athdgc.005.002.grc.eng.011.v1 | B73: added | C73: Aeschylus, Agamemnon | D73: Translation | E73: 20th century | F73: Modern English | G73: Aeschylus,HWS: Agamemnon-HWS-TEST1 | H73: Uploaded to Proiel | I73: To be reviewed | J73: Natasa | K73: Natasa | L73: CanonicalLit | M73: automated script | O73: https://scaife.perseus.org/reader/urn:cts:greekLit:tlg0085.tlg005.perseus-eng3:0-125/, ./PerseusDL/canonical-greekLit/data/tlg0085/tlg005/tlg0085.tlg005.perseus-eng3.xml | P73: ./data/tlg0085.tlg005.perseus-eng3-canoncallit-test1-stage1.xml | R73: readCanonicalLit-Aeschylus-Agamemnon-perseus-eng3-test1-stage1.ipynb
A74: athdgc.005.002.grc.eng.012.v1 | B74: added | C74: Aeschylus. Agamemnon | D74: Translation | E74: 19th century | F74: Modern English | G74: Aeschylus,AS: Agamemnon-A.Sidgwick-TEST1 | H74: Uploaded to Proiel | I74: To be reviewed | J74: Natasa | K74: Natasa | L74: CanonicalLit | M74: automated script | O74: https://scaife.perseus.org/reader/urn:cts:greekLit:tlg0085.tlg005.perseus-eng4:preface-29/, /PerseusDL/canonical-greekLit/data/tlg0085/tlg005/tlg0085.tlg005.perseus-eng4.xml | P74: ./data/tlg0085.tlg005.perseus-eng4-canoncallit-test1-stage1.xml | R74: readCanonicalLit-Aeschylus-Agamemnon-perseus-eng4-test1-stage1.ipynb
A75: athdgc.005.001.grc.eng.011.v1 | B75: added | C75: Aeschylus, Choephorae | D75: Translation | E75: 20th century | F75: Modern English | G75: Aeschylus: Libation Bearers-HBS-TEST1 | H75: Uploaded to Proiel | I75: To be reviewed | J75: Natasa | K75: Natasa | L75: CanonicalLit | M75: automated script | O75: https://scaife.perseus.org/reader/urn:cts:greekLit:tlg0085.tlg006.perseus-eng2:1-108/, ./PerseusDL/canonical-greekLit/data/tlg0085/tlg006/tlg0085.tlg006.perseus-eng2.xml | P75: ./data/tlg0085.tlg006.perseus-eng2-canoncallit-test1-stage1.xml | R75: readCanonicalLit-Aeschylus-LibationBearers-perseus-eng2-test1-stage1.ipynb
A76: athdcg.005.003.grc.eng.011.v1 | B76: added | C76: Aeschylus, Eumenides | D76: Translation | E76: 20th century | F76: Modern English | G76: Aeschylus-HWS: Eumenides-TEST1 | H76: Uploaded to Proiel | I76: To be reviewed | J76: Natasa | K76: Natasa | L76: CanonicalLit | M76: automated script | O76: https://scaife.perseus.org/reader/urn:cts:greekLit:tlg0085.tlg007.perseus-eng2:1-118/, ./PerseusDL/canonical-greekLit/data/tlg0085/tlg007/tlg0085.tlg007.perseus-eng2.xml | P76: ./data/tlg0085.tlg007.perseus-eng2-canoncallit-test1-stage1.xml | R76: readCanonicalLit-Aeschylus-Eumenides-perseus-eng2-test1-stage1.ipynb
B77: added | C77: MEDEA - transl. Gilbert Murray | D77: Translation | E77: 1912 | F77: Modern English | G77: Euripides: Medea-TEST11 | H77: Uploaded to Proiel | I77: To be reviewed | J77: Eleni | K77: Natasa | L77: txt | M77: automated script | N77: On OSF | O77: Gutenberg, ./PerseusDL/canonical-greekLit/data/tlg0006/tlg003/tlg0006.tlg003.perseus-eng2.xml | Q77: used perseus text from treebank - ref https://scaife.perseus.org/reader/urn:cts:greekLit:tlg0006.tlg003.perseus-eng2:0-85/
B78: added | C78: Boethius' Consolation of Philosophy - Jean de Meun, Notker - Jean de Meun, Notker | D78: Translation | E78: ?? | F78: Early Modern English | G78: Simon de Freine, Jean de Meun: Boethius: De Consolatione Philosophiae-TEST1 | H78: Uploaded to Proiel | I78: To be reviewed | L78: online | M78: automated script | N78: many parallel translations, de Meun's is the middle column | O78: Bibliotheca Polyglotta, ./data/BoethiusConsolationofPhilosophy-JeandeMeunNotker-Books-eng-2025-10.json | P78: ./data/BoethiusConsolationofPhilosophy-JeandeMeunNotker-html-eng-test1-stage1.xml | R78: readStructuredText-BoethiusConsolationofPhilosophy-JeandeMeunNotker-eng-test1.ipynb | S78: Effort required (*/a few hours, **/a few days, /*** a few weeks, ****/a few months)
A79: athdgc.010.001.lat.eng.015.v1 | B79: added | C79: Boethius' Consolation of Philosophy -Richard Preston | D79: Translation | E79: c. 1695 CE - original 524 CE | F79: Early Modern English | G79: Boethius, d. 524.: Anicius Manlius Severinus Boetius, Of the consolation of philosophy in five books. | H79: Uploaded to Proiel | I79: To be reviewed | K79: Eleni | L79: html | M79: automated script | N79: structured info | O79: Michigan Library | S79: Effort required (*/a few hours, **/a few days, /*** a few weeks, ****/a few months) | T79: **
A80: athdgc.001.001.001.eng.001.v1 | B80: added | C80: Douay-Rheims Bible | D80: Translation | E80: 1582-1610 | F80: Early Modern English | G80: Catholic seminary English College, Douai, France: The Holy Bible in English, Douay-Rheims American Edition of 1899, translated from the Latin Vulgate-TEST2 | H80: Ready for upload | I80: To be reviewed | J80: Eleni | K80: Eleni | L80: PDF | M80: automated script | N80: On OSF, https://drive.google.com/file/d/17xfJf_Np5Gqvqe6zpQabEnKNdlGBevFo/view?usp=drive_link | O80: https://ebible.org/pdf/engDRA/engDRA_all.pdf | P80: ./data/Bible_Douay_Rheims_Books-text-eng-test2-stage1.xml | R80: readStructuredText-Douay-Rheims-Bible-eng-test2.ipynb
A81: athdgc.024.001.enm.000.000.v1 | B81: added | C81: Ormulum | D81: Source text | E81: 12th century CE | F81: Middle English | G81: Orrmin: The Ormulum-TEST1 | H81: Uploaded to Proiel | I81: To be reviewed | J81: Sophia, Eleni | K81: Sophia | L81: docx | M81: automated script | N81: On OSF | O81: Michigan library | Q81: Used https://quod.lib.umich.edu/c/cme/AFW5744.0001.001/1:7?rgn=div1;view=fulltext - JUST INTRODUCTION chapters were added - SECUNDUM JOHANNEM XXXII. was not added since it is not completely transcribed
B82: added | C82: Boethius' Consolation of Philosophy - Jean de Meun, Notker - Jean de Meun, Notker | D82: Translation | E82: ?? | F82: Middle English | G82: Simon de Freine, Jean de Meun: Boethius: De Consolatione Philosophiae-TEST1 | H82: Uploaded to Proiel | I82: To be reviewed | L82: online | M82: automated script | N82: many parallel translations, de Meun's is the middle column | O82: Bibliotheca Polyglotta, ./data/BoethiusConsolationofPhilosophy-JeandeMeunNotker-Books-enm-2025-10.json | P82: ./data/BoethiusConsolationofPhilosophy-JeandeMeunNotker-html-enm-test1-stage1.xml | R82: readStructuredText-BoethiusConsolationofPhilosophy-JeandeMeunNotker-enm-test1.ipynb | S82: Effort required (*/a few hours, **/a few days, /*** a few weeks, ****/a few months)
A83: athdgc.002.009.ang.000.000.v1 | B83: added | C83: Beowulf | D83: Translation | E83: 8th-11th century CE | F83: Old English | G83: A.J. Wyatt: Beowulf-TEST2 | H83: Uploaded to Proiel | I83: To be reviewed | K83: Sofia | L83: online | M83: automated script | O83: https://en.wikisource.org/wiki/Beowulf_(Wyatt), ./data/Beowulf_Wyatt-2025-10a.json | P83: ./data/Beowulf_Wyatt-html-ang-test2-stage1.xml | Q83: (i) numbers l. 15 '2'// l. 20 '4' (ii) //token split ind. instances// l. 53burgumBēowulf, l. 62 cwēnOngenþēowes a) Prelude to be added https://en.wikisource.org/wiki/Beowulf_(Wyatt)/Beowulf_00 b) //token split ind. instances// Fight at Finnsburg, hȳrde ic, þæt Elan cwēn[Ongenþēowes wæs][1] c) add also chapter for The_Fight_at_Finnsburg, Corrected | R83: readStructuredText-BeowulfWyatt-ang-test2.ipynb
A84: athdgc.031.001.fra.000.000.v1 | B84: added | C84: Voltaire's Candide | D84: Translation | F84: Modern French | G84: Voltaire: Candide-TEST2 | H84: Uploaded to Proiel | I84: To be reviewed | K84: Sofia | L84: online | M84: automated script | O84: https://fr.wikisource.org/wiki/Candide,_ou_l%E2%80%99Optimisme/Garnier_1877 , ./data/Candide_Voltaire-2025-11.json | P84: ./data/Candide_Voltaire-html-fra-test2-stage1.xml | Q84: Mlle// - | R84: readStructuredText-Candide-Voltaire-fra-test2.ipynb
B85: added | C85: Le Roman de la Rose - PIERRE MARTEAU | D85: Translation | E85: 1878 | F85: Modern French | G85: JEAN DE MEUNG: LE ROMAN DE LA ROSE-MARTEAU-TEST1 | H85: Uploaded to Proiel | I85: To be reviewed | J85: Sofia/Eleni | K85: Sofia | L85: txt | M85: automated script | N85: On OSF/ drive | O85: https://www.poetryintranslation.com/PITBR/French/LeRomanDeLaRosehome.php or https://www.gutenberg.org/cache/epub/16816/pg16816.txt, ./data/PierreMarteau_RomanDeRose_traduction.txt | P85: ./data/PierreMarteau_RomanDeRose-text-fra-test1-stage1.xml | R85: readStructuredText-RomandelaRose-Marteau-fra-test1.ipynb
B86: added | C86: Boethius' Consolation of Philosophy - Jean de Meun, Notker - Jean de Meun, Notker | D86: Translation | E86: 1609 CE | F86: Old French/Middle French | G86: Simon de Freine, Jean de Meun: Boethius: De Consolatione Philosophiae-TEST1 | H86: Uploaded to Proiel | I86: To be reviewed | K86: Sofia | L86: online | M86: automated script | N86: many parallel translations, de Meun's is the middle column | O86: Bibliotheca Polyglotta, ./data/BoethiusConsolationofPhilosophy-JeandeMeunNotker-Books-2025-10.json | P86: ./data/BoethiusConsolationofPhilosophy-JeandeMeunNotker-html-fro-test1-stage1.xml | R86: readStructuredText-BoethiusConsolationofPhilosophy-JeandeMeunNotker-frm-test1.ipynb | S86: Effort required (*/a few hours, **/a few days, /*** a few weeks, ****/a few months)
B87: added | C87: Roman de la Rose - by Jean de Meun | D87: Source text | E87: 1240?-1305? | F87: Old French | G87: JEAN DE MEUNG: LE ROMAN DE LA ROSE-LORRIS-TEST1 | H87: Uploaded to Proiel | I87: To be reviewed | J87: Eleni/Sofia | K87: Eleni/Sofia | L87: txt | M87: automated script | N87: txt | O87: Internet Archive // https://fr.wikisource.org/wiki/Le_Roman_de_la_Rose, ./data/ROMAN DE LA ROSE_MEUN_LORRIS.txt | P87: ./data/Lorris_RomanDeRose-text-fro-test1-stage1.xml | R87: readStructuredText-RomandelaRose-Meun-fro-test1.ipynb
B88: added | C88: Boethius' Consolation of Philosophy - Jean de Meun, Notker - Jean de Meun, Notker | D88: Translation | E88: ?? | F88: Old High German | G88: Simon de Freine, Jean de Meun: Boethius: De Consolatione Philosophiae-TEST1 | H88: Uploaded to Proiel | I88: To be reviewed | K88: Sofia | L88: online | M88: automated script | N88: many parallel translations, de Meun's is the middle column | O88: Bibliotheca Polyglotta, ./data/BoethiusConsolationofPhilosophy-JeandeMeunNotker-Books-got-2025-10.json | P88: ./data/BoethiusConsolationofPhilosophy-JeandeMeunNotker-html-goh-test1-stage1.xml | R88: readStructuredText-BoethiusConsolationofPhilosophy-JeandeMeunNotker-goh-test1.ipynb | S88: Effort required (*/a few hours, **/a few days, /*** a few weeks, ****/a few months)
A89: athdgc.014.002.grc.eng.023.v1 | B89: added | C89: Μήδεια-ελληνικη μεταφραση Στεφανοπουλου | D89: Translation | E89: 1867 | F89: Modern Greek | G89: Ευριπίδης: Μήδεια-ELL-TEST3 | H89: Uploaded to Proiel | I89: To be reviewed | J89: Natasa, Eleni | K89: Natasa | L89: docx | M89: automated script | N89: On OSF | O89: Πύλη για την ελληνική γλώσσα
A90: athdgc.030.001.ell.000.000.v1 | B90: added | C90: Erotokritos - by Vitsentzos Kornaros | D90: Source text | E90: 17th century CE | F90: Modern Greek | H90: Uploaded to Proiel | I90: automated script | J90: Thodoris | L90: xml | M90: automated script | N90: Many editions _On OSF | O90: Ανέμη (1909) | P90: Ανέμη (1915) | Q90: Ανέμη (1977) | T90: http://erotokritos.users.uth.gr/erotokritos.htm
A91: athdgc.023.001.grc.000.000.v1 | B91: added | C91: Byzantine Chronicles - Ζωναράς | D91: Source text | E91: 12th century CE | F91: Medieval Greek | G91: Ιωάννης Ζωναράς: Επιτομή Ιστοριών-TEST5 | H91: Uploaded to Proiel | I91: To be reviewed | J91: Eleni | K91: Eleni | L91: PDF | M91: automated script | N91: On OSF [1,2,3,4,5,6] | O91: Βικιθήκη, ./data/EpitomiIstorion_Zonaras_Books-2025-09a.json - fixed Chapter Names for Book 5 and 6 | P91: ./data/EpitomiIstorion_Zonaras-html-ell-test4-stage1.xml | Q91: α) Κεφαλαιο 26 fron original source is missing - it is Κεφαλαιο 6, β) Κεφαλαιο 5 σε Κεφαλαιο 1, c) Βιβλια 8,9,10 σε κάποια Chapter είναι | R91: readStructuredText-Zonaras-Epitomi-Istorion-ell-test4.ipynb
A92: athdgc.028.001.grc.000.000.v1 | B92: added | C92: Wars / de Bellis - by Procopius | D92: Source text | E92: 6th century CE | F92: Medieval Greek | G92: Procopius: Ὑπὲρ τῶν Πολέμων Λόγοι-TEST1 | H92: Uploaded to Proiel | I92: To be reviewed | K92: Eleni | L92: xml | M92: automated script | N92: structured info, no treebank available | O92: Perseus | Q92: inserted to PROIEL for evaluation, USED CanonicalLit data, https://dialing.enl.uoa.gr/proiel/sources/83 | S92: Effort required (*/a few hours, **/a few days, /*** a few weeks, ****/a few months) | T92: **
A93: athdgc.027.001.grc.000.000.v1 | B93: added | C93: Histories - by Polybius | D93: Source text | E93: 2nd century BCE | F93: Koine Greek | G93: Polybius: Ἱστορίαι-TEST1 | H93: Uploaded to Proiel | I93: To be reviewed | K93: Natasa | L93: xml | M93: automated script | N93: structured info, there is also a GAGDT 2.0 treebank in https://github.com/PerseusDL/treebank_data/tree/master/v2.1/Greek | O93: Perseus | Q93: inserted to PROIEL for evaluation, USED CanonicalLit data, https://dialing.enl.uoa.gr/proiel/sources/81 | S93: Effort required (*/a few hours, **/a few days, /*** a few weeks, ****/a few months) | T93: **
A94: athdgc.015.001.grc.000.000.v1 | B94: added | C94: The Antiquities of the Jews | D94: Source text | E94: 1st century BCE | F94: Koine Greek | G94: Flavius Josephus: Ἰουδαϊκὴ ἀρχαιολογία-TEST4-noargs | H94: Uploaded to Proiel | I94: To be reviewed | K94: Eleni | L94: xml | M94: automated script | N94: structured info, no treebank available | O94: Perseus, ./PerseusDL/canonical-greekLit//data/tlg0526/tlg001/tlg0526.tlg001.perseus-grc2a.xml | P94: ./data/tlg0526.tlg001.perseus-grc2-canoncallit-test4-stage1.xml | Q94: inserted to PROIEL for evaluation, USED CanonicalLit data, https://dialing.enl.uoa.gr/proiel/sources/88 || 1) τα εισαγωγικά δεν υπάρχουν (από το πρωτότυπο/tlg), 2) ὅ τι, π.χ. Βιβ.10 [π.176], 3) Βιβ.8, π. [121] τελεία μέσα στη μέση (εἰς. βλάβην αὐτῶν) | R94: readCanonicalLit-FlaviusJosephus-Jewish Antiquities-perseus-grc2-test3-stage1.ipynb | S94: Effort required (*/a few hours, **/a few days, /*** a few weeks, ****/a few months) | T94: **
A95: athdgc.029.002.grc.000.000.v1 | B95: added | C95: Sophocles-Electra | D95: Source text | E95: 5th century BC | F95: Ancient Greek | G95: Sophocles: Electra-TEST1 | H95: To be downloaded | I95: To be preprocessed | J95: Natasa | K95: Natasa | L95: CanonicalLit | M95: automated script | N95: structured info, no treebank available | O95: https://scaife.perseus.org/reader/urn:cts:greekLit:tlg0011.tlg005.perseus-grc2:1-30/, ./PerseusDL/canonical-greekLit/data/tlg0011/tlg005/tlg0011.tlg005.perseus-grc2.xml | P95: ./data/tlg0011.tlg005.perseus-grc2-canoncallit-test1-stage1.xml | R95: readCanonicalLit-Sophocles-Electra-grc2-test1.ipynb
A96: athdgc.008.002.grc.000.000.v1 | B96: added | C96: Aristophanes-Clouds | D96: Source text | E96: 5th-4th century BC | F96: Ancient Greek | G96: Aristophanes: Clouds-TEST1 | H96: Uploaded to Proiel | I96: To be reviewed | J96: Natasa | K96: Natasa | L96: CanonicalLit | M96: automated script | N96: structured info, no treebank available | O96: https://scaife.perseus.org/reader/urn:cts:greekLit:tlg0019.tlg003.perseus-grc2:0-29/, ./PerseusDL/canonical-greekLit/data/tlg0019/tlg003/tlg0019.tlg003.perseus-grc2.xml | P96: ./data/tlg0019.tlg003.perseus-grc2-canoncallit-test1-stage1.xml | R96: readCanonicalLit-Aristophanes-Clouds-grc2-test1.ipynb
A97: athdgc.008.005.grc.000.000.v1 | B97: added | C97: Aristophanes' Lysistrata | D97: Source text | E97: 5th-4th century BC | F97: Ancient Greek | G97: Aristophanes: Lysistrata-TEST2 | H97: Uploaded to Proiel | I97: To be reviewed | J97: Natasa | K97: Natasa | L97: CanonicalLit | M97: automated script | N97: structured info, no treebank available | O97: https://scaife.perseus.org/reader/urn:cts:greekLit:tlg0019.tlg007.perseus-grc2:0-23c/, ./PerseusDL/canonical-greekLit/data/tlg0019/tlg007/tlg0019.tlg007.perseus-grc2.xml | P97: ./data/tlg0019.tlg007.perseus-grc2-canoncallit-test2-stage1.xml | R97: readCanonicalLit-Aristophanes-Lysistrata-grc2-test2.ipynb
A98: athdgc.008.004.grc.000.000.v1 | B98: added | C98: Aristophanes-Thesmophoriazusae | D98: Source text | E98: 5th-4th century BC | F98: Ancient Greek | G98: Aristophanes: Thesmophoriazusae-TEST1 | H98: Uploaded to Proiel | I98: To be reviewed | J98: Natasa | K98: Natasa | L98: CanonicalLit | M98: automated script | N98: structured info, no treebank available | O98: https://scaife.perseus.org/reader/urn:cts:greekLit:tlg0019.tlg008.perseus-grc2:0-23/, ./PerseusDL/canonical-greekLit/data/tlg0019/tlg008/tlg0019.tlg008.perseus-grc2.xml | P98: ./data/tlg0019.tlg008.perseus-grc2-canoncallit-test1-stage1.xml | R98: readCanonicalLit-Aristophanes-Thesmophoriazusae-grc2-test1.ipynb
A99: athdgc.008.001.grc.000.000.v1 | B99: added | C99: Aristophanes-Birds | D99: Source text | E99: 5th-4th century BC | F99: Ancient Greek | G99: Aristophanes: Birds-TEST1 | H99: Uploaded to Proiel | I99: To be reviewed | J99: Natasa | K99: Natasa | L99: CanonicalLit | M99: automated script | N99: structured info, no treebank available | O99: https://scaife.perseus.org/reader/urn:cts:greekLit:tlg0019.tlg006.perseus-grc2:0-26/, ./PerseusDL/canonical-greekLit/data/tlg0019/tlg006/tlg0019.tlg006.perseus-grc2.xml | P99: ./data/tlg0019.tlg006.perseus-grc2-canoncallit-test1-stage1.xml | R99: readCanonicalLit-Aristophanes-Birds-grc2-test1.ipynb
A100: urn:cts:greekLit:tlg0059.tlg030.perseus-grc2 | B100: added | C100: Republic - by Plato | D100: Source text | E100: 4th century BCE | F100: Ancient Greek | G100: Plato: Πολιτεία-TEST1 | H100: Uploaded to Proiel | I100: To be reviewed | K100: Natasa | L100: xml | M100: automated script | N100: structured info, no treebank available | O100: Perseus, ./PerseusDL/canonical-greekLit//data/tlg0059/tlg030/tlg0059.tlg030.perseus-grc2.xml | Q100: first 5 books | S100: Effort required (*/a few hours, **/a few days, /*** a few weeks, ****/a few months) | T100: **
A101: athdgc.009.001.grc.000.000.v1 | B101: added | C101: Nicomachean Ethics - by Aristotle | D101: Source text | E101: 4th century BCE | F101: Ancient Greek | G101: Aristotle: Ἠθικὰ Νικομάχεια-TEST1 | H101: Uploaded to Proiel | I101: To be reviewed | K101: Natasa | L101: xml | M101: automated script | N101: structured info, no treebank available | O101: Perseus, ./PerseusDL/canonical-greekLit//data/tlg0086/tlg010/tlg0086.tlg010.perseus-grc2.xml | Q101: the first five books are available from proiel treebanks a https://dialing.enl.uoa.gr/proiel/sources/86 | S101: Effort required (*/a few hours, **/a few days, /*** a few weeks, ****/a few months) | T101: **
A102: athdgc.007.001.grc.000.000.v1 | B102: added | C102: The Argonautica - by Apollonius of Rhodes | D102: Source text | E102: 3rd century BCE | F102: Ancient Greek | G102: Απολλώνιος Ρόδιος: Αργοναυτικά-TEST1 | H102: Uploaded to Proiel | I102: To be reviewed | K102: Natasa | L102: xml | M102: automated script | N102: structured info, no treebank available | O102: Perseus, ./PerseusDL/canonical-greekLit/data/tlg0001/tlg001/tlg0001.tlg001.perseus-grc2.xml | S102: Effort required (*/a few hours, **/a few days, /*** a few weeks, ****/a few months) | T102: **
A103: athdgc.020.001.grc.000.000.v1 | B103: added | C103: On the Sacred Disease - by Hippocrates | D103: Source text | E103: 5th century BCE | F103: Ancient Greek | G103: Hippocrates: Περὶ ἱερῆς νούσου-TEST1 | H103: Uploaded to Proiel | I103: To be reviewed | K103: Natasa | L103: xml | M103: automated script | N103: structured info, no treebank available | O103: Perseus, ./PerseusDL/canonical-greekLit/data/tlg0627/tlg027/tlg0627.tlg027.perseus-grc2.xml | Q103: inserted to PROIEL for evaluation, USED CanonicalLit data, https://dialing.enl.uoa.gr/proiel/sources/89 | S103: Effort required (*/a few hours, **/a few days, /*** a few weeks, ****/a few months) | T103: **
...

Sheet On Proeil
G1: REVIEW
A2: Title | C2: Source text/Translation | D2: Status | E2: Language | F2: Annotation | G2: Sentence & token division | H2: Sections | I2: Metadata | J2: Currently reviewed by | K2: Comments
A3: ANCIENT GREEK
A4: The Septuagint (Swete) | B4: added | C4: Translation | D4: Ready | E4: ANCIENT GREEK
A5: Herodotus: Histories | B5: added | C5: Source | D5: Ready | E5: ANCIENT GREEK | F5: Yes
A6: Homer: Odyssey-Treebank-TEST2 | B6: added | C6: Source | D6: Uploaded | E6: ANCIENT GREEK | G6: OK | H6: OK
A7: Homer: Iliad-Treebank-TEST1 | B7: added | C7: Source | D7: Uploaded | E7: ANCIENT GREEK | H7: OK
A8: Ευριπίδης: Μήδεια-TEST13 | B8: added | C8: Source | D8: Uploaded | E8: ANCIENT GREEK | J8: Natasa | K8: Να ελεγχθούν οι σκηνικές οδηγίες
A9: Αισχύλος: Αγαμέμνων-TEST4 | B9: added | C9: Source | D9: Uploaded | E9: ANCIENT GREEK | J9: Natasa | K9: Να ελεγχθούν οι σκηνικές οδηγίες
A10: Αισχύλος: Χοηφόροι-TEST3 | B10: added | C10: Source | D10: Uploaded | E10: ANCIENT GREEK | J10: Natasa | K10: Να ελεγχθούν οι σκηνικές οδηγίες
A11: Αισχύλος: Ευμενίδες-TEST2 | B11: added | C11: Source | D11: Uploaded | E11: ANCIENT GREEK | J11: Natasa | K11: Να ελεγχθούν οι σκηνικές οδηγίες
A12: Ησίοδος: Έργα και Ημέρες-TEST3 | B12: added | C12: Source | D12: Uploaded | E12: ANCIENT GREEK
A13: Ησίοδος: ΘΕΟΓΟΝΙΑ-TEST1 | B13: added | C13: Source | D13: Uploaded | E13: ANCIENT GREEK
A14: Απολλώνιος Ρόδιος: Αργοναυτικά-TEST1 | B14: added | C14: Source | D14: Uploaded | E14: ANCIENT GREEK
A15: Polybius: Ἱστορίαι-TEST1 | B15: added | C15: Source | D15: Uploaded | E15: ANCIENT GREEK
A16: Diodorus Siculus: Βιβλιοθήκη Ἱστορική (Books 1-5, 11-17, 18-20)-TEST2 | B16: added | C16: Source | D16: Uploaded | E16: ANCIENT GREEK
A17: Procopius: Ὑπὲρ τῶν Πολέμων Λόγοι-TEST1 | B17: added | C17: Source | D17: Uploaded | E17: ANCIENT GREEK
A18: Ευριπίδης: Βάκχαι-TEST3 | B18: added | C18: Source | D18: Uploaded | E18: ANCIENT GREEK | J18: Natasa | K18: Να ελεγχθούν οι σκηνικές οδηγίες
A19: Plato: Πολιτεία-TEST1 | B19: added | C19: Source | D19: Uploaded | E19: ANCIENT GREEK
A20: Aristotle: Ἠθικὰ Νικομάχεια-TEST1 | B20: added | C20: Source | D20: Uploaded | E20: ANCIENT GREEK
A21: Flavius Josephus: Ἰουδαϊκὴ ἀρχαιολογία-TEST4-noargs | B21: added | C21: Source | D21: Uploaded | E21: ANCIENT GREEK
A22: Hippocrates: Περὶ ἱερῆς νούσου-TEST1 | B22: added | C22: Source | D22: Uploaded | E22: ANCIENT GREEK
A23: Aristophanes: Thesmophoriazusae-TEST1 | B23: added | C23: Source | D23: Uploaded | E23: ANCIENT GREEK
A24: Aristophanes: Lysistrata-TEST2 | B24: added | C24: Source | D24: Uploaded | E24: ANCIENT GREEK
A25: Aristophanes: Ecclesiazusae-TEST1 | B25: added | C25: Source | D25: Uploaded | E25: ANCIENT GREEK
A26: Aristophanes: Birds-TEST1 | B26: added | C26: Source | D26: Uploaded | E26: ANCIENT GREEK
A27: Aristophanes: Clouds-TEST1 | B27: added | C27: Source | D27: Uploaded | E27: ANCIENT GREEK
A28: Sophocles: Antigone-TEST1 | B28: added | C28: Source | D28: Uploaded | E28: ANCIENT GREEK
A29: Sophocles: Electra-TEST1 | B29: added | C29: Source | D29: Uploaded | E29: ANCIENT GREEK
A31: ENGLISH
A32: Jane Austen: Pride and Prejudice | B32: added | C32: Source | D32: Uploaded | E32: ENGLISH
A33: William Tyndale: The first New Testament printed in English-New Testament-TEST2 | B33: added | C33: Translation | D33: Uploaded | E33: ENGLISH
A34: William Tyndale: The first New Testament printed in English-Old Testament-TEST2 | B34: added | C34: Translation | D34: Uploaded | E34: ENGLISH | G34: OK | K34: Old Testament
A35: William Tyndale: The first New Testament printed in English - Sample from First Chapter for Learning how to Annotate | K35: Προηγούμενη έκδοση
A36: Euripides: Medea-TEST11 | B36: added | C36: Translation | D36: Uploaded | E36: ENGLISH | K36: Δε σημειώνονται όλοι οι στίχοι, αλλά η αρίθμηση υπάρχει ανά πέντε στίχους (ίσως δυσκολέψει την αντιστοίχηση με τα άλλα δύο κείμενα της Μήδειας)
A37: A.J. Wyatt: The Tale of Beowulf Sometime King of the Folk of the Weder Geats-TEST2 | B37: added | C37: Translation | D37: Uploaded | E37: ENGLISH
A38: Boethius, d. 524.: Anicius Manlius Severinus Boetius, Of the consolation of philosophy in five books. | B38: added | C38: Translation | D38: Uploaded | E38: ENGLISH
A39: Simon de Freine, Jean de Meun: Boethius: De Consolatione Philosophiae-TEST1 | B39: added | C39: Translation | D39: Uploaded | E39: ENGLISH
A40: Catholic seminary English College, Douai, France: The Holy Bible in English, Douay-Rheims American Edition of 1899, translated from the Latin Vulgate-TEST2 | B40: added | C40: Translation | D40: Uploaded | E40: ENGLISH
A41: Robert Young: Young's Literal Translation-TEST2 | B41: added | C41: Translation | D41: Uploaded | E41: ENGLISH
A42: Euripides: Bacchae-TEST1 | B42: added | C42: Translation | D42: Uploaded | E42: ENGLISH
A43: Aeschylus,HWS: Agamemnon-HWS-TEST1 | B43: added | C43: Translation | D43: Uploaded | E43: ENGLISH
A44: Aeschylus,AS: Agamemnon-A.Sidgwick-TEST1 | B44: added | C44: Translation | D44: Uploaded | E44: ENGLISH
A45: Aeschylus: Libation Bearers-HBS-TEST1 | B45: added | C45: Translation | D45: Uploaded | E45: ENGLISH
A46: Aeschylus-HWS: Eumenides-TEST1 | B46: added | C46: Translation | D46: Uploaded | E46: ENGLISH
A47: Aristophanes: Birds-TEST1 | B47: added | C47: Translation | D47: Uploaded | E47: ENGLISH
A48: Aristophanes: Clouds-TEST1 | B48: added | C48: Translation | D48: Uploaded | E48: ENGLISH
... A59: A. S. Kline: The Romance of the Rose-Kline-TEST1 | B59: added | C59: Translation | D59: Uploaded | E59: ENGLISH
A61: LATIN
A62: Jerome's Vulgate | B62: added | C62: Translation | D62: Uploaded | E62: LATIN | F62: Yes
A63: Caesar: Commentarii belli Gallici | B63: added | C63: Source | D63: Uploaded | E63: LATIN | F63: Yes
A64: Cicero: Epistulae ad Atticum | B64: added | C64: Source | D64: Uploaded | E64: LATIN | F64: Yes
A65: Cicero: De officiis | B65: added | C65: Source | D65: Uploaded | E65: LATIN | F65: Yes
A66: Palladius: Opus agriculturae | B66: added | C66: Source | D66: Uploaded | E66: LATIN | F66: Yes
A67: Peregrinatio Aetheriae | B67: added | C67: Source | D67: Uploaded | E67: LATIN | F67: Yes
A68: Simon de Freine, Jean de Meun: Boethius: De Consolatione Philosophiae-TEST1 | B68: added | C68: Source | D68: Uploaded | E68: LATIN
A70: GOTHIC
A71: The Gothic Bible | B71: added | C71: Source | D71: Uploaded | E71: GOTHIC | F71: Yes
A73: OLD HIGH GERMAN
A74: Simon de Freine, Jean de Meun: Boethius: De Consolatione Philosophiae-TEST1 | B74: added | C74: Source | D74: Uploaded | E74: OLD HIGH GERMAN
A76: MODERN GREEK (1453-)
A77: The Greek New Testament | B77: added | C77: Source | D77: Ready | E77: MODERN GREEK | K77: Κείμενο του 4ου αι. μ.Χ., θα έπρεπε να είναι στα Αρχαία Ελληνικά
A78: Sphrantzes: Chronicles (post-1453) | B78: added | C78: Source | D78: Ready | E78: MODERN GREEK
A79: Sphrantzes: Chronicles (post-1453) - Sample First 5 Chapters for Learning how to Annotate | C79: Source | D79: Test | K79: Απόσπασμα έτοιμου κειμένου που χρησιμοποιήθηκε για δοκιμή με τους parsers
A80: Alexandros Palles: Η Νέα Διαθήκη : κατά το Βατικανό Χειρόγραφο - Sample from First Chapter for Learning how to Annotate | C80: Translation | D80: Test | K80: Απόσπασμα που χρησιμοποιήθηκε για δοκιμή του parser
A81: Alexandros Palles: Η Νέα Διαθήκη : κατά το Βατικανό Χειρόγραφο - Sections 49-92 for Learning how to Annotate | C81: Translation | D81: Test | F81: Yes | K81: Απόσπασμα στο οποίο εξασκηθήκαμε στο annotation
A82: Alexandros Palles: Η Νέα Διαθήκη : κατά το Βατικανό Χειρόγραφο - Sections 13-48 for Learning how to Annotate | C82: Translation | D82: Test | F82: Yes | K82: Απόσπασμα στο οποίο εξασκηθήκαμε στο annotation
A83: Alexandros Palles: Η Νέα Διαθήκη : κατά το Βατικανό Χειρόγραφο - Sections 93-120 for Learning how to Annotate | C83: Translation | D83: Test | F83: Yes | K83: Απόσπασμα στο οποίο εξασκηθήκαμε στο annotation
A84: Alexandros Palles: Η Νέα Διαθήκη : κατά το Βατικανό Χειρόγραφο - Sections 121-143 for Learning how to Annotate | C84: Translation | D84: Test | F84: Yes | K84: Απόσπασμα στο οποίο εξασκηθήκαμε στο annotation
A85: Alexandros Palles: Η Νέα Διαθήκη : κατά το Βατικανό Χειρόγραφο - Sections 144-170 for Learning how to Annotate | C85: Translation | D85: Test | F85: Yes | K85: Απόσπασμα στο οποίο εξασκηθήκαμε στο annotation
A86: Alexandros Palles: Η Νέα Διαθήκη : κατά το Βατικανό Χειρόγραφο-Πληρες Κείμενο-1 | B86: added | C86: Translation | D86: Not the full text | E86: MODERN GREEK | K86: Το κείμενο - δεν είναι όμως πλήρες, περιλαμβάνει μόνο τα 4 ευαγγέλια
A87: Hellenic Bible Society: Η Καινή Διαθήκη σε μετάφραση στη Δημοτική (TGV) - ΕΥΑΓΓΕΛΙΟ ΚΑΤΑ ΜΑΤΘΑΙΟΝ/ΕΥΑΓΓΕΛΙΟ ΚΑΤΑ ΜΑΡΚΟΝ | B87: added | C87: Translation | D87: Not the full text | E87: MODERN GREEK | F87: Yes - Not full | K87: Το κείμενο που έχουμε επισημειώσει - μόνο 2 ευαγγέλια από την Καινή Διαθήκη
A88: Αλέξανδρος Πάλλης: Η Νέα Διαθήκη : κατά το Βατικανό Χειρόγραφο-ΚΑΤΑ ΤΟ ΜΑΘΘΑΙΟ/ΚΑΤΑ ΤΟ ΜΑΡΚΟ | C88: Translation | D88: Not the full text | K88: Αρχικά το τελικό κείμενο ήταν αυτό, είχαμε την πρόθεση να ανεβάσουμε και να επισημειώσουμε μόνο τα 2 ευαγγέλια του Μάρκου και του Ματθαίου από όλες τις Βίβλους, αλλά πλέον ανεβάζουμε ολόκληρες βίβλους, οπότε μάλλον μας συμφέρει η έκδοση με τα 4 ευαγγέλια
A89: Ανώνυμος: Το Χρονικό του Μορέως | B89: added | C89: Source | D89: Uploaded | E89: MODERN GREEK
A90: Maximos of Gallipoli: Η ΚΑΙΝΗ ΔΙΑΘΗΚΗ ΤΟΥ ΚΥΡΙΟΥ ΗΜΩΝ ΙΗΣΟΥ ΧΡΙΣΤΟΥ-ΚΑΤΑ ΜΑΤΘΑΙΟ-ΚΑΤΑ ΜΑΡΚΟΝ | B90: added | C90: Translation | D90: Uploaded | E90: MODERN GREEK | F90: Partly annotated
A91: Νεόφυτος Βάμβας: Η Αγία Γραφή (Παλαιά και Καινή Διαθήκη) στη μετάφραση Νεόφυτου Βάμβα (MNB) - ΚΑΤΑ ΤΟ ΜΑΤΘΑΙΟ-ΚΑΤΑ ΤΟ ΜΑΡΚΟ | B91: added | C91: Translation | D91: Uploaded | E91: MODERN GREEK
A92: Μάξιμος Πλανούδης: ΒΟΗΘΙΟΥ ΒΙΒΛΟΣ - ΠΕΡΙ ΠΑΡΑΜΥΘΙΑΣ - ΒΙΒΛΙΟ Α,Β,Γ - ΔΟΚ-2 | C92: Translation | D92: Uploaded | K92: Προηγούμενη έκδοση
A93: Alexandros Palles: Η Νέα Διαθήκη : κατά το Βατικανό Χειρόγραφο-Πληρες SPACY-3 | C93: Translation | D93: Test | F93: Automatic syntactic annotation | K93: Τεστ με τους parsers [Spacy]
A94: Alexandros Palles: Η Νέα Διαθήκη : κατά το Βατικανό Χειρόγραφο-Πληρες ΜΑΤΘΑΙΟΣ SPACY-4 | C94: Translation | D94: Test | F94: Automatic syntactic annotation | K94: Τεστ με τους parsers [Spacy]
A95: Alexandros Palles: Η Νέα Διαθήκη : κατά το Βατικανό Χειρόγραφο-ΚΑΤΑ ΜΑΡΚΟΝ - Δοκιμαστικο SPACY-6c | C95: Translation | D95: Test | F95: Automatic syntactic annotation | K95: Τεστ με τους parsers [Spacy]
A96: Alexandros Palles: Η Νέα Διαθήκη : κατά το Βατικανό Χειρόγραφο-ΚΑΤΑ ΜΑΡΚΟΝ - Δοκιμαστικο STANZA-6c | C96: Translation | D96: Test | F96: Automatic syntactic annotation | K96: Τεστ με τους parsers [Stanza]
A97: Hellenic Bible Society: Η Καινή Διαθήκη σε μετάφραση στη Δημοτική (TGV) - Δοκιμαστικό - SPACY-6 | C97: Translation | D97: Test | F97: Automatic syntactic annotation | K97: Τεστ με τους parsers [Spacy]
A98: Hellenic Bible Society: Η Καινή Διαθήκη σε μετάφραση στη Δημοτική (TGV) - STANZA-7 | C98: Translation | D98: Test | F98: Automatic syntactic annotation | K98: Τεστ με τους parsers [Stanza]
A99: D. C. Hesseling: Le roman de Digénis Akritas [ανάτυπο] / D. C. Hesseling. - TEST1 | B99: added | C99: Source | D99: Uploaded | E99: MODERN GREEK | F99: Partly
A100: Alexandros Palles: Η Νέα Διαθήκη : κατά το Βατικανό Χειρόγραφο-ΚΑΤΑ ΜΑΡΚΟΝ - Δοκιμαστικο ODYCY-1 | C100: Translation | D100: Test | F100: Automatic syntactic annotation | K100: Τεστ με τους parsers [Odycy]
A101: Hellenic Bible Society: Η Καινή Διαθήκη σε μετάφραση στη Δημοτική (TGV) - ODYCY-1 | C101: Translation | D101: Test | F101: Automatic syntactic annotation | K101: Τεστ με τους parsers [Odycy]
A102: Hellenic Bible Society: Η Καινή Διαθήκη σε μετάφραση στη Δημοτική (TGV) - ΕΥΑΓΓΕΛΙΟ ΚΑΤΑ ΜΑΤΘΑΙΟΝ/ΕΥΑΓΓΕΛΙΟ ΚΑΤΑ ΜΑΡΚΟΝ TEST1 | C102: Translation | D102: Test | F102: Automatic syntactic annotation | K102: Τεστ
A103: Hellenic Bible Society: Η Καινή Διαθήκη σε μετάφραση στη Δημοτική (TGV) - ΕΥΑΓΓΕΛΙΟ ΚΑΤΑ ΜΑΤΘΑΙΟΝ/ΕΥΑΓΓΕΛΙΟ ΚΑΤΑ ΜΑΡΚΟΝ TEST4 | C103: Translation | D103: Test | F103: Automatic syntactic annotation | K103: Τεστ
A104: Hellenic Bible Society: Η Καινή Διαθήκη σε μετάφραση στη Δημοτική (TGV) - ΕΥΑΓΓΕΛΙΟ ΚΑΤΑ ΜΑΤΘΑΙΟΝ/ΕΥΑΓΓΕΛΙΟ ΚΑΤΑ ΜΑΡΚΟΝ TEST-5 | C104: Translation | D104: Test | F104: Automatic syntactic annotation | K104: Τεστ
A105: Hellenic Bible Society: Η Καινή Διαθήκη σε μετάφραση στη Δημοτική (TGV) - ΕΥΑΓΓΕΛΙΟ ΚΑΤΑ ΜΑΤΘΑΙΟΝ/ΕΥΑΓΓΕΛΙΟ ΚΑΤΑ ΜΑΡΚΟΝ TEST6 | C105: Translation | D105: Test | F105: Automatic syntactic annotation | K105: Τεστ
A106: Hellenic Bible Society: Η Καινή Διαθήκη σε μετάφραση στη Δημοτική (TGV) - ΕΥΑΓΓΕΛΙΟ ΚΑΤΑ ΜΑΤΘΑΙΟΝ/ΕΥΑΓΓΕΛΙΟ ΚΑΤΑ ΜΑΡΚΟΝ TEST7 | C106: Translation | D106: Test | F106: Automatic syntactic annotation | K106: Τεστ
A107: Hellenic Bible Society: Η Καινή Διαθήκη σε μετάφραση στη Δημοτική (TGV) - ΕΥΑΓΓΕΛΙΟ ΚΑΤΑ ΜΑΤΘΑΙΟΝ/ΕΥΑΓΓΕΛΙΟ ΚΑΤΑ ΜΑΡΚΟΝ TEST8 | C107: Translation | D107: Test | F107: Automatic syntactic annotation | K107: Τεστ
A108: Hellenic Bible Society: Η Καινή Διαθήκη σε μετάφραση στη Δημοτική (TGV) - ΕΥΑΓΓΕΛΙΟ ΚΑΤΑ ΜΑΤΘΑΙΟΝ/ΕΥΑΓΓΕΛΙΟ ΚΑΤΑ ΜΑΡΚΟΝ TEST9 | C108: Translation | D108: Test | F108: Automatic syntactic annotation | K108: Τεστ
A109: Hellenic Bible Society: Η Καινή Διαθήκη σε μετάφραση στη Δημοτική (TGV) - ΕΥΑΓΓΕΛΙΟ ΚΑΤΑ ΜΑΤΘΑΙΟΝ/ΕΥΑΓΓΕΛΙΟ ΚΑΤΑ ΜΑΡΚΟΝ TEST 10 | C109: Translation | D109: Test | F109: Automatic syntactic annotation | K109: Τεστ [πολύ καλό αποτέλεσμα]
A110: Ευριπίδης: Μήδεια-ELL-TEST3 | B110: added | C110: Translation | D110: Uploaded | E110: MODERN GREEK
A111: Μάξιμος Πλανούδης: ΒΟΗΘΙΟΥ ΒΙΒΛΟΣ - ΠΕΡΙ ΠΑΡΑΜΥΘΙΑΣ - ΒΙΒΛΙΟ Α,Β,Γ,Δ - ΔΟΚ-3 | B111: added | C111: Translation | D111: Uploaded - 4 out of 5 books | E111: MODERN GREEK
A112: Anonymous: ΤΟ ΑΣΜΑ ΤΟΥ ΑΡΜΟΥΡΗ-TEST2 | B112: added | C112: Source | D112: Uploaded | E112: MODERN GREEK
A113: Μιχαήλ Ψελλός: Χρονογραφία-TEST5 | B113: added | C113: Source | D113: Uploaded | E113: MODERN GREEK
A114: Ιωάννης Ζωναράς: Επιτομή Ιστοριών-TEST5 | B114: added | C114: Source | D114: Uploaded | E114: MODERN GREEK | K114: Στο Table of Contents φαίνεται να έχει γίνει επισημείωση στα βιβλία 8,9,10, αλλά ο σύνδεσμος οδηγεί σε σφάλμα (δεν μπορώ να τα δω)
A115: Βιτσέντζος Κορνάρος: Ερωτόκριτος-TEST1 | B115: added | C115: Source | D115: Uploaded | E115: MODERN GREEK
...

Sheet Problems
A2: New Revised Standard Version (NRSV) | B2: Translation | C2: 1989 | D2: Division of Christian Education of the National Council of the Churches of Christ in the United States of America | E2: "the copyright is held by the National Council of the Churches of Christ in the United States of America. Specifically, you can use up to 500 verses without permission, as long as it's not a complete book and doesn't exceed 50% of the target publication" | F2: Internet Archive
E3: Παρότι είναι από το Internet Archive δεσμεύεται από copyright
A4: Erotokritos - by Vitsentzos Kornaros | B4: Source text | C4: 17th century CE | D4: Modern Greek | E4: Downloaded | F4: Eleni | G4: PDF | H4: Many editions _On Zenodo (φάκελος Σημαντικά) | I4: Ανέμη (1909) | J4: Ανέμη (1915) | K4: Ανέμη (1859) | L4: Ανέμη (1881) | M4: Ανέμη (1977)
I5: Ποια από όλες τις εκδόσεις;;;;
A7: Slavonic Bible - Cyril and Methodius | B7: Μετάφραση | C7: 9th century CE | D7: Old Church Slavonic (from Greek) | E7: To be downloaded | I7: https://mudroljub.github.io/old-slavic-library/
E8: Επίσης έχει πολλαπλές εκδοχές
A10: Modern Greek Bible | B10: 2003 | C10: Greek Bible Society | D10: Contemporary Greek | E10: Online Text | F10: ΝΑΙ | G10: Από το bible.com, έχει πνευματικά δικαιώματα, αλλά εκδότης είναι η βιβλική εταιρεία, οπότε ίσως θα μπορούσαμε να τους ζητήσουμε την άδεια και για αυτές τις εκδόσεις αν μας ενδιαφέρουν | J10: Όλη η βίβλος: bible.com
B11: Όλες οι εκδόσεις σε νέα ελληνικά:
B12: Copyright © The Holy Bible, Spyros Filos Translation, copyright 1994, latest edition 2013, by Pergamos Publications, 23, Averof Street, 104 33 Athens, Greece – www.pergamos.com.gr – pergamos@otenet.gr. All rights reserved.
B13: Νεοελληνική Μετάφραση Λόγου 1994, 2004, 2021 LOGOS, AMG International [από τις εκδόσεις 'ο Λόγος']
B14: Η Καινή Διαθήκη του Κυρίου και Σωτήρος ημών Ιησού Χριστού κατά νεοελληνικήν απόδοσιν [Hellenic Bible Society_1967_NTV PUBLISHER]
B15: Cata Lucan Evanghelion ke e Praxis ton Apostolon 1859 (Frangochiatika) - Gospel of Luke and the Acts of the Apostles published by the British and Foreign Bible Society (BFBS) in 1859 in Smyrna in the Ottoman Empire, edited by T.J. Wolters with the help of a Greek named N. Vamvas and other
A16: ήδη στο PROEIL | B16: Η Αγία Γραφή (Παλαιά και Καινή Διαθήκη) - Hellenic Bible Society_2003_TGV PUBLISHER
B17: Η Αγία Γραφή με τα Δευτεροκανονικά (Παλαιά και Καινή Διαθήκη) - Hellenic Bible Society_2003_TGVD PUBLISHER, ίδιο με το πάνω, αλλά περιέχει και τα δευτεροκανονικά
B18: Περιέχει επίσης πολλές εκδόσεις του πρωτοτύπου (σε ελληνιστική κοινή): 1.Έκδοση Αντωνιάδη(1904, εγκεκριμένη από το Πατριαρχείο), 2.Byzantine Textform 2018(according to its historically dominant transmissional form), 3.Η Ελληνική Καινή Διαθήκη Σύμφωνα με την Οικογένεια 35 (The Byzantine Majority Text, also known as Family 35, a specific group of NT manuscripts that represent the Byzantine text-type, which dominated New Testament manuscript production during the late Byzantine Empire (1261-1453)), 4.μετάφρση των εβδομήκοντα, 5.New Vellas Source Text (1967, a team of academic staff of the University of Athens led by Basil (Vasilios) Vellas (Βασίλειος Βέλλας) translated the New Testament, with support from the Hellenic Bible Society, based on the Textus Receptus), 6.SBL Greek New Testament (Copyright 2010 by the Society of Biblical Literature and Logos Bible Software), 7.Text-Critical Greek New Testament(a 2022 edition of Robinson and Pierpont's Byzantine Greek text that documents variants found in eleven editions of the Greek New Testament), 8.The Greek New Testament, copyright © 2017 by Tyndale House, Cambridge. Used by permission of Crossway, a publishing ministry of Good News Publishers, 9.Elzevir Textus Receptus 1624, 10.Scrivener’s Textus Receptus 1894(F. H. A. Scrivener (1813-1891) attempted to reproduce as exactly as possible the Greek text which underlies the Authorised Version of 1611)

Sheet Timeline
A1: OLD ENGLISH (449/5th c. – 1150)
A2: - Beowulf: 700-750
A3: - Dream of the Rood: uncertain, believed to have been composed in the late 7th or early 8th century [certainly 8th c. or earlier, in late West Saxon],
A4: - Anglo-Saxon Chronicles: between 890 and 892 AD
A5: -The Wanderer: late 9th or early 10th century
A6: - The Seafarer: uncertain date (before 10th c.)
A7: - Orosius: around 900 AD
A8: - West-Saxon Gospels: c. 990 AD
A9: - The Battle of Maldon: dates from the 990s AD (no earlier than 991 AD)
A10: - Ælfric's Lives of Saints
A11: - Apollonius of Tyre (transl.): 11th century AD
A13: MIDDLE ENGLISH (1150/12th c.-15th c.)
... A72: MODERN FRENCH (16th/17th c.-)

Sheet Overview
B1: UPLOADED | C1: ANNOTATED
A2: ANCIENT GREEK | B2: =COUNTIF('On Proeil'!E:E, A2) -> 26 | C2: =COUNTIFS('On Proeil'!E:E, A2, 'On Proeil'!F:F, "<>") -> 1
A3: MODERN GREEK | B3: =COUNTIF('On Proeil'!E:E, A3) -> 14 | C3: =COUNTIFS('On Proeil'!E:E, A3, 'On Proeil'!F:F, "<>") -> 3
A4: ENGLISH | B4: =COUNTIF('On Proeil'!E:E, A4) -> 27 | C4: =COUNTIFS('On Proeil'!E:E, A4, 'On Proeil'!F:F, "<>") -> 0
A5: MIDDLE ENGLISH | B5: =COUNTIF('On Proeil'!E:E, A5) -> 9 | C5: =COUNTIFS('On Proeil'!E:E, A5, 'On Proeil'!F:F, "<>") -> 0
A6: OLD ENGLISH | B6: =COUNTIF('On Proeil'!E:E, A6) -> 10 | C6: =COUNTIFS('On Proeil'!E:E, A6, 'On Proeil'!F:F, "<>") -> 5
A7: LATIN | B7: =COUNTIF('On Proeil'!E:E, A7) -> 7 | C7: =COUNTIFS('On Proeil'!E:E, A7, 'On Proeil'!F:F, "<>") -> 6
A8: GOTHIC | B8: =COUNTIF('On Proeil'!E:E, A8) -> 1 | C8: =COUNTIFS('On Proeil'!E:E, A8, 'On Proeil'!F:F, "<>") -> 1
A9: OLD HIGH GERMAN | B9: =COUNTIF('On Proeil'!E:E, A9) -> 1 | C9: =COUNTIFS('On Proeil'!E:E, A9, 'On Proeil'!F:F, "<>") -> 0
A10: OLD FRENCH | B10: =COUNTIF('On Proeil'!E:E, A10) -> 3 | C10: =COUNTIFS('On Proeil'!E:E, A10, 'On Proeil'!F:F, "<>") -> 1
A11: MODERN FRENCH | B11: =COUNTIF('On Proeil'!E:E, A11) -> 2 | C11: =COUNTIFS('On Proeil'!E:E, A11, 'On Proeil'!F:F, "<>") -> 0
B13: =sum(B2:B11) -> 100 | C13: =sum(C2:C11) -> 17

Sheet Languages
A2: Ancient Greek | B2: Latin
A3: Medieval Greek | B3: Old Gothic
A4: Koine Greek | B4: Old French
A5: Middle English | B5: Old English
A6: Old English | B6: Modern Greek
A7: Modern English | B7: Ancient Greek
A8: Early Modern English | B8: Modern English
A9: Middle French | B9: Modern English [from Medieval Greek]
A10: Modern Greek | B10: Early Modern English
A11: Medieval English | B11: Middle English
A12: Atticized Medieval Greek | B12: Old English
A13: Medieval Latin | B13: Modern Greek
... A18: Late Middle English | B18: Old High German
A19: Gothic
A20: `

Sheet temp
A1: Title/Author | B1: Source text/Translation | C1: Period | D1: Language | E1: Original Format | F1: Original Download method | G1: Original Source
A2: Jerome's Vulgate | B2: Translation | C2: 4th century CE | D2: Latin | E2: proiel treebank | F2: proiel treebank | G2: ./data/syntacticus-treebank-data/proiel/latin-nt-1.xml
A3: Caesar: Commentarii belli Gallici | B3: Source text | C3: 1st century BCE | D3: Latin | E3: proiel treebank | F3: proiel treebank | G3: ./data/syntacticus-treebank-data/proiel/caes-gal-1.xml
A4: Cicero: Epistulae ad Atticum | B4: Source text | C4: 1st century BCE | D4: Latin | E4: proiel treebank | F4: proiel treebank | G4: ./data/syntacticus-treebank-data/proiel/cic-att-1.xml
A5: Cicero: De officiis | B5: Source text | C5: 1st century BCE | D5: Latin | E5: proiel treebank | F5: proiel treebank | G5: ./data/syntacticus-treebank-data/proiel/cic-off-1.xml
A6: Palladius: Opus agriculturae | B6: Source text | C6: 5th century CE | D6: Latin | E6: proiel treebank | F6: proiel treebank | G6: ./data/syntacticus-treebank-data/proiel/pal-agr-1.xml
A7: Peregrinatio Aetheriae | B7: Source text | C7: 4th century CE | D7: Latin | E7: proiel treebank | F7: proiel treebank | G7: ./data/syntacticus-treebank-data/proiel/per-aeth-1.xml
A8: La Vie Saint Eustace | B8: Source text | C8: 12th century CE | D8: Old French | E8: proiel treebank | F8: proiel treebank | G8: ./data/iswoc-treebank/eustace-1.xml
A9: Orosius | B9: Source text | C9: 5th century CE | D9: Old English | E9: proiel treebank | F9: proiel treebank | G9: ./data/iswoc-treebank/or-1.xml
A10: West-Saxon Gospels | B10: Translation | C10: 10th century CE | D10: Old English | E10: proiel treebank | F10: proiel treebank | G10: ./data/iswoc-treebank/wscp-1.xml
A11: Anglo-Saxon Chronicles | B11: Source text | C11: 9th - 12th century CE | D11: Old English | E11: proiel treebank | F11: proiel treebank | G11: ./data/iswoc-treebank/chrona-1.xml
A12: Ælfric's Lives of Saints | B12: Source text | C12: 10th century CE | D12: Old English | E12: proiel treebank | F12: proiel treebank | G12: ./data/iswoc-treebank/æls.xml
... A16: Histories - by Herodotus | B16: Source text | C16: 5th century BCE | D16: Ancient Greek | E16: proiel treebank | F16: proiel treebank | G16: ./data/syntacticus-treebank-data/proiel/hdt.xml

Sheet To be downloaded(depr)
A1: Αντιγόνη Ζωγραφάκη | B1: Source text/Translation | C1: Translator | D1: Period | E1: Language | F1: Status | G1: Contributors so far | H1: Format | I1: Comments | J1: Download method | K1: ASSIGNEE | L1: STATUS | M1: Effort required (*/a few hours, **/a few days, /*** a few weeks, ****/a few months) | N1: Source
A3: Iliad | B3: Source text | D3: 8th century BCE | E3: Ancient Greek | F3: To be downloaded | I3: structured info, there is also a UD treebank in https://github.com/UniversalDependencies/UD_Ancient_Greek-Perseus | J3: automated script | K3: THEO/experimental import on proiel | L3: inserted to PROIEL for evaluation, USED treebank data, https://dialing.enl.uoa.gr/proiel/sources/68 | M3: ** | N3: Perseus
A4: Homer's Iliad | B4: Translation | C4: Eustathius of Thessalonica | D4: 12th century CE | E4: Medieval Greek | F4: To be downloaded | I4: OCRed text | J4: manual preprocessing | M4: ** | N4: Internet Archive
A5: Homer's Iliad | B5: Translation | D5: 11th century CE | E5: Medieval Greek | F5: To be downloaded | H5: Scanned manuscript | I5: This requires OCR - we maybe able to use some help from CHS that specializes in IIIF formats | J5: automated script | K5: THEO/experimental import on proiel | M5: *** | N5: Vatican Library
A6: Odyssey | B6: Source text | D6: 8th century BCE | E6: Ancient Greek | F6: To be downloaded | I6: structured info, there is also a GAGDT 2.0 treebank in https://github.com/PerseusDL/treebank_data/tree/master/v2.1/Greek | J6: automated script | K6: THEO/experimental import on proiel | L6: inserted to PROIEL for evaluation, USED treebank data, https://dialing.enl.uoa.gr/proiel/sources/68 | M6: ** | N6: Perseus
A7: Works and Days - by Hesiod | B7: Source text | D7: 7th century BCE | E7: Ancient Greek | F7: To be downloaded | I7: structured info, there is also a UD bank at https://github.com/UniversalDependencies/UD_Ancient_Greek-Perseus | J7: automated script | K7: THEO | L7: inserted to PROIEL for evaluation, USED CanonicalLit data https://dialing.enl.uoa.gr/proiel/sources/77 | M7: ** | N7: Perseus
A8: Histories - by Herodotus | B8: Source text | D8: 5th century BCE | E8: Ancient Greek | F8: To be downloaded | I8: structured info, there is also a UD bank at https://github.com/UniversalDependencies/UD_Ancient_Greek-Perseus | J8: automated script | K8: THEO | L8: the first five books are available from proiel treebanks at https://dialing.enl.uoa.gr/proiel/sources/39 | M8: ** | N8: Perseus
A9: Republic - by Plato | B9: Source text | D9: 4th century BCE | E9: Ancient Greek | F9: To be downloaded | I9: structured info, no treebank available | J9: automated script | K9: THEO | L9: the first five books are available from proiel treebanks athttps://dialing.enl.uoa.gr/proiel/sources/85 | M9: ** | N9: Perseus
A10: Nicomachean Ethics - by Aristotle | B10: Source text | D10: 4th century BCE | E10: Ancient Greek | F10: To be downloaded | I10: structured info, no treebank available | J10: automated script | K10: THEO | L10: the first five books are available from proiel treebanks a https://dialing.enl.uoa.gr/proiel/sources/86 | M10: ** | N10: Perseus
A11: The Argonautica - by Apollonius of Rhodes | B11: Source text | D11: 3rd century BCE | E11: Ancient Greek | F11: To be downloaded | I11: structured info, no treebank available | J11: automated script | K11: THEO | L11: inserted to PROIEL for evaluation, USED CanonicalLit data, https://dialing.enl.uoa.gr/proiel/sources/79 | M11: ** | N11: Perseus
A12: Histories - by Polybius | B12: Source text | D12: 2nd century BCE | E12: Koine Greek | F12: To be downloaded | I12: structured info, there is also a GAGDT 2.0 treebank in https://github.com/PerseusDL/treebank_data/tree/master/v2.1/Greek | J12: automated script | K12: THEO | L12: inserted to PROIEL for evaluation, USED CanonicalLit data, https://dialing.enl.uoa.gr/proiel/sources/81 | M12: ** | N12: Perseus
A13: Bibliotheca Historica - by Diodorus Siculus | B13: Source text | D13: 1st century BCE | E13: Koine Greek | F13: To be downloaded | I13: structured info, there is also a UD bank at https://github.com/UniversalDependencies/UD_Ancient_Greek-Perseus | J13: automated script | K13: THEO | L13: inserted to PROIEL for evaluation, USED CanonicalLit data, https://dialing.enl.uoa.gr/proiel/sources/82 | M13: ** | N13: Perseus
A14: The Antiquities of the Jews | B14: Source text | D14: 1st century BCE | E14: Koine Greek | F14: To be downloaded | I14: structured info, no treebank available | J14: automated script | K14: THEO | L14: inserted to PROIEL for evaluation, USED CanonicalLit data, https://dialing.enl.uoa.gr/proiel/sources/88 | M14: ** | N14: Perseus
A15: Wars / de Bellis - by Procopius | B15: Source text | D15: 6th century CE | E15: Medieval Greek | F15: To be downloaded | I15: structured info, no treebank available | J15: automated script | K15: THEO | L15: inserted to PROIEL for evaluation, USED CanonicalLit data, https://dialing.enl.uoa.gr/proiel/sources/83 | M15: ** | N15: Perseus
A16: Theogony - by Hesiod | B16: Source text | D16: 7th century BCE | E16: Ancient Greek | F16: To be downloaded | I16: structured info, there is also a UD bank at https://github.com/UniversalDependencies/UD_Ancient_Greek-Perseus | J16: automated script | K16: THEO | L16: inserted to PROIEL for evaluation, USED CanonicalLit data, https://dialing.enl.uoa.gr/proiel/sources/78 | M16: ** | N16: Perseus
A17: Oresteia - by Aeschylus | B17: Source text | D17: 5th century BCE | E17: Ancient Greek | F17: To be downloaded | I17: From Perseus (3 plays), structured info, there is also a UD bank at https://github.com/UniversalDependencies/UD_Ancient_Greek-Perseus | J17: automated script | K17: THEO | L17: inserted to PROIEL for evaluation, USED CanonicalLit data, Αγαμέμνων (ενημερωμένη έκδοση), Χοηφόροι, Ευμένιδες. https://dialing.enl.uoa.gr/proiel/sources/74, https://dialing.enl.uoa.gr/proiel/sources/75, https://dialing.enl.uoa.gr/proiel/sources/76 | M17: ** | N17: Agamemnon | O17: Libation Bearers | P17: Eumenides
A18: On the Sacred Disease - by Hippocrates | B18: Source text | D18: 5th century BCE | E18: Ancient Greek | F18: To be downloaded | I18: structured info, no treebank available | J18: automated script | K18: THEO | L18: inserted to PROIEL for evaluation, USED CanonicalLit data, https://dialing.enl.uoa.gr/proiel/sources/89 | M18: ** | N18: Perseus
A19: Bacchae | B19: Source text | D19: 5th century BCE | E19: Ancient Greek | F19: To be downloaded | I19: structured info, no treebank available | J19: automated script | K19: THEO | L19: inserted to PROIEL for evaluation, USED CanonicalLit data, https://dialing.enl.uoa.gr/proiel/sources/84 | M19: ** | N19: Perseus
A20: Sir Gawain and the Green Knight | B20: Source text | D20: 14th century CE | E20: Middle English | F20: To be downloaded | I20: unstructured text | J20: automated script | K20: SOFIA/THEO | L20: inserted to PROIEL for evaluations, https://dialing.enl.uoa.gr/proiel/sources/80 | M20: ** | N20: Gutenberg - INSTEAD THIS WAS USED https://www.gersum.org/texts/show?occurrences=Gaw - this is also in list 'Downloaded'
A21: Slavonic Bible | B21: Translation | C21: Cyril and Methodius | D21: 9th century CE | E21: Old Church Slavonic (from Greek) | F21: To be downloaded | I21: PDF with text - CHECK IF THERE IS A PROIEL TREEBANK | J21: manual preprocessing | K21: ELENI | M21: ** | N21: https://mudroljub.github.io/old-slavic-library/
A22: Gospel Lectionary | B22: Translation | D22: 10th century CE | E22: Medieval Greek | F22: To be downloaded | H22: Scanned manuscript | I22: This requires OCR - we maybe able to use some help from CHS that specializes in IIIF formats | J22: manual preprocessing/CHS | K22: THEO | M22: *** | N22: Manuscript 1 | O22: Manuscript 2
A23: Old English Hexateuch | B23: Translation | D23: 10th century CE | E23: Old English | F23: To be downloaded | H23: Scanned manuscript | I23: This requires OCR - we maybe able to use some help from CHS that specializes in IIIF formats | J23: manual preprocessing /CHS | K23: THEO | M23: *** | N23: Cambridge
A24: Old English Psalter | B24: Translation | D24: 10th century CE | E24: Old English | F24: To be downloaded | H24: Online text | I24: Hard to find: need to scrool downpassing the Overview, then click on one of the excerpts, then click on the text we want to see, then scroll dwon again to find the few lines of the excerpt/This requires OCR - we maybe able to use some help from CHS that specializes in IIIF formats | J24: manual preprocessing /CHS | K24: THEO | M24: *** | N24: https://oepoetryfacsimile.org/?document=11191
A25: Boethius' Consolation of Philosophy | B25: Translation | C25: Peter Glassgold | D25: c.2019 CE - original 524 CE | E25: Modern English | F25: To be downloaded | H25: Images | I25: 3 excerpts from the sample images on an eshop - not clear what the format is - we need a sample to understand if this is images or it includes text | J25: manual preprocessing | K25: Ελένη | M25: **** | N25: https://worldpoetrybooks.com/books/poems-from-on-the-consolation-of-philosophy
A26: Boethius' Consolation of Philosophy | B26: Translation | C26: Richard Preston | D26: c. 1695 CE - original 524 CE | E26: Early Modern English | F26: To be downloaded | I26: structured info | J26: automated script | K26: THEO | M26: ** | N26: Michigan Library
A27: Boethius' Consolation of Philosophy | B27: Translation | C27: Scott Goins & Barbara H. Wyman | D27: 2008 CE | E27: Modern English | F27: To be downloaded | I27: 15-page sample on Amazon | J27: manual preprocessing | K27: Ελένη | N27: sample on Amazon
A28: Cato's Distichs | B28: Translation | C28: Maximus Planudes | D28: 13th century CE | E28: Medieval Greek | F28: To be downloaded | I28: Harvard copy | J28: manual preprocessing | K28: THEO | M28: ** | N28: HathiTrust [starts on p.275, #401-522]
A29: Hesiod's Works and Days | B29: Translation | C29: John Tzetzes | D29: 12th century CE - original: 7th c. | E29: Medieval Greek | F29: To be downloaded | H29: Scanned manuscript | I29: This requires OCR - we maybe able to use some help from CHS that specializes in IIIF formats | J29: manual preprocessing /CHS | K29: THEO | M29: *** | N29: Bodleian Library
A30: Greek Psalter | B30: Translation | D30: 11th century CE | E30: Medieval Greek | F30: To be downloaded | H30: Scanned manuscript | I30: This requires OCR - we maybe able to use some help from CHS that specializes in IIIF formats | J30: manual preprocessing /CHS | K30: THEO | M30: *** | N30: Bodleian Library
A31: Boethius' Consolation of Philosophy | B31: Translation | C31: Jean de Meun, Notker | D31: 1609 CE | E31: Middle French | F31: To be downloaded | I31: many parallel translations, de Meun's is the middle column | J31: manual preprocessing | M31: *** | N31: Bibliotheca Polyglotta
A38: Σε δεύτερη φάση
A39: Longus' Daphnis and Chloe | B39: Translation | C39: George Thornley | D39: 1657 CE | E39: Koine Greek | F39: To be downloaded | N39: Wikisource | O39: Internet Archive
A40: Sophocles' Antigone | B40: Translation | C40: George Adams | D40: 1729 CE | E40: Ancient Greek | F40: To be downloaded | N40: Internet Archive
A41: Herodotus' Histories | B41: Translation | C41: Isaac Littlebury | D41: 1709 CE | E41: Ancient Greek | F41: To be downloaded | N41: Τόμος 1 | O41: Τόμος 2
A42: Aesop's Fables | B42: Translation | C42: William Caxton | D42: 1480s CE | E42: Latin | F42: To be downloaded | N42: http://mythfolklore.net/aesopica/caxton/index.htm
A43: Plutarch's Lives | B43: Translation | C43: Thomas North | D43: 1579 CE | F43: To be downloaded | N43: Internet Archive
A44: Thucydides' History | B44: Translation | C44: Thomas Nicolls | D44: 1550 CE | E44: Ancient Greek | F44: To be downloaded | N44: https://quod.lib.umich.edu/e/eebo/A13758.0001.001
A45: The Homeric Hymns | B45: Translation | C45: Andrew Lang | D45: 1899 CE | E45: Ancient Greek | F45: To be downloaded | N45: Gutenberg link
A46: Plutarch's Moralia | B46: Translation | C46: Philemon Holland | D46: 1603 CE | E46: Ancient Greek | F46: To be downloaded | N46: Wikisource link
A47: Plato's Symposium | B47: Translation | C47: Percy Bysshe Shelley | D47: 1818 CE | E47: Ancient Greek | F47: To be downloaded | N47: Internet Archive
A48: Gregory of Tours' History of the Franks | B48: Translation | C48: O.M. Dalton | D48: 1927 CE | E48: Medieval Latin | F48: To be downloaded | N48: Internet Archive
A49: Marcus Aurelius' Meditations | B49: Translation | C49: Meric Casaubon | D49: 1634 CE | F49: To be downloaded | N49: Internet Archive | O49: Meditations trnsl.Casaubon,ed.Ernest Rhys
A50: Byzantine Greek New Testament | B50: Translation | C50: Multiple | D50: 12th century CE | E50: Koine Greek | F50: To be downloaded | N50: Full text - Greek New Testament
A51: Chronographia | B51: Translation | C51: E.R.A. Sewter | D51: 1953 CE | E51: Medieval Greek | F51: To be downloaded | N51: Internet Archive
A52: Digenis Akritas | B52: Translation | C52: John Mavrogordato | D52: 1956 CE | E52: Medieval Greek | F52: To be downloaded | N52: https://ia801209.us.archive.org/26/items/DigenesAkritesGreekEnglish/Digenes_Akrites_Greek_English.pdf
A53: Secret History | B53: Translation | C53: Richard Atwater | D53: 1896 CE | E53: Medieval Greek | F53: To be downloaded | N53: Standarde Books
A54: Timarion | B54: Translation | C54: Barry Baldwin | D54: 1984 CE | E54: Medieval Greek | F54: To be downloaded | N54: Internet Archive
A55: Book of Ceremonies | B55: Translation | C55: Ann Moffatt & Maxeme Tall | D55: 2012 CE | E55: Medieval Greek | F55: To be downloaded | N55: Internet Archive
A56: History by Niketas Choniates | B56: Translation | C56: Harry J. Magoulias | D56: 1984 CE | E56: Medieval Greek | F56: To be downloaded | N56: Internet Archive
A57: De Administrando Imperio | B57: Translation | C57: R.J.H. Jenkins | D57: 1967 CE | E57: Medieval Greek | F57: To be downloaded | N57: Internet Archive
A58: Voltaire's Candide | B58: Translation | C58: Muttiple | D58: 2006 | E58: Modern French | F58: To be downloaded | N58: First link | O58: Second link
A59: Rousseau's The Social Contract | B59: Translation | C59: Jonathan Bennett | D59: 2008 | E59: Modern French | F59: To be downloaded | N59: Full text - Early Modern Texts
A60: Rousseau's The Social Contract | B60: Translation | C60: Ian Johnston | D60: 2008 | E60: Modern French | F60: To be downloaded | N60: https://johnstoniatexts.x10host.com/rousseau/socialcontracthtm.htm
A61: Montaigne's Essays | B61: Translation | C61: Charles Cotton | D61: 1993 | E61: Modern French | F61: To be downloaded | N61: Gutenberg link
A62: Le Roman de la Rose | B62: Translation | C62: A. S. Kline | D62: 2019 | E62: Medieval French | F62: To be downloaded | N62: https://www.poetryintranslation.com/PITBR/French/LeRomanDeLaRosehome.php
A63: Voltaire's Zadig | B63: Translation | D63: 2015 | E63: Modern French | F63: To be downloaded | N63: Gutenberg link
A64: Flaubert's Madame Bovary | B64: Translation | C64: Eleanor Marx-Aveling/Various | D64: 1886/2010 | E64: Modern French | F64: To be downloaded | N64: Gutenberg link
A65: Le Roman de la Rose | B65: Translation | C65: Pierre Marteau | D65: 1878 | E65: Medieval French | F65: To be downloaded | N65: Gutenberg link
A66: Le Roman de la Rose | B66: Translation | C66: A. S. Kline | D66: 2019 | E66: Medieval French | F66: To be downloaded | N66: https://www.poetryintranslation.com/PITBR/French/LeRomanDeLaRosehome.php
A67: Yvain, le Chevalier au Lion | B67: Translation | C67: W.W. Comfort | D67: 1914 | E67: Medieval French | F67: To be downloaded | N67: Gutenberg link
A68: Hamlet | B68: Translation | C68: François-Victor Hugo | D68: 1877 CE | E68: Early Modern English | F68: To be downloaded | N68: Wikisource
A69: Hamlet | B69: Translation | C69: A.W. Schlegel | D69: 1790 CE | E69: Early Modern English | F69: To be downloaded | N69: Wikisource
A70: Hamlet | B70: Translation | C70: Demetrios Vikelas | D70: 1874 CE | E70: Early Modern English | F70: To be downloaded | N70: Anemi
A71: King Lear | B71: Translation | C71: Francesco Dall'Ongaro | D71: 1856 CE | E71: Early Modern English | F71: To be downloaded | N71: Wikisource
A72: Romeo and Juliet | B72: Translation | C72: August Wilhelm Schlegel | D72: 1847 CE | E72: Early Modern English | F72: To be downloaded | N72: Wikisource
A73: Iliad | B73: Translation | C73: George Chapman | D73: c. 1616 CE | E73: Ancient Greek | F73: To be downloaded | N73: Gutenberg link
A74: Iliad | B74: Translation | C74: Alexander Pope | D74: 1715-1720 CE | E74: Ancient Greek | F74: To be downloaded | N74: Gutenberg link
A75: Iliad | B75: Translation | C75: William Cowper | D75: 1870 CE | E75: Ancient Greek | F75: To be downloaded | N75: Gutenberg link
A76: Iliad | B76: Translation | C76: Samuel Butler | D76: 1899 CE | E76: Ancient Greek | F76: To be downloaded | N76: Gutenberg link
A77: Odyssey | B77: Translation | C77: Alexander Pope | D77: c. 1725 CE | E77: Ancient Greek | F77: To be downloaded | N77: Gutenberg link
A78: Odyssey | B78: Translation | C78: William Cullen Bryant | D78: 1879 CE | E78: Ancient Greek | F78: To be downloaded | N78: http://johnstoniatexts.x10host.com/homer/bryantodyssey.htm | O78: Internet Archive
A79: Odyssey | B79: Translation | C79: Samuel Butler | D79: 1900 CE | E79: Ancient Greek | F79: To be downloaded | N79: Gutenberg link
A80: Odyssey | B80: Translation | C80: George Chapman | D80: 1615 CE | E80: Ancient Greek | F80: To be downloaded | N80: Gutenberg link
A81: Byzantine Greek New Testament | B81: Translation | C81: Byzantine scribes | D81: 12th century CE | E81: Greek | F81: To be downloaded | N81: Πολλές παράλληλες μεταφράσεις μαζί

Sheet Sheet11

Sheet Downloaded(depr)
A1: στο PROEIL | B1: προς επεξεργασία
A2: Title | B2: Source text/Translation | C2: Period | D2: Language | E2: Status | F2: Next step | H2: Contributors so far | I2: Currently handled by | J2: Format | K2: Comments | L2: Source
N3: Notes
A4: Tyndale's Bible | B4: Translation | C4: 1526 | D4: Early Modern English | E4: Uploaded [Old Testament] | H4: Thodoris
A5: Μήδεια | B5: Source text | C5: 5th century CE - edition 1871 | D5: Ancient Greek | E5: Uploaded | F5: Uploaded, To be reviewed from scholars. https://dialing.enl.uoa.gr/proiel/sources/72 | H5: Natasa, Eleni | J5: txt | L5: Perseus
A6: Μήδεια-ελληνικη μεταφραση Στεφανοπουλου | B6: Translation | C6: 1867 | D6: Modern Greek | E6: Uploaded | F6: Uploaded, To be reviewed from scholars https://dialing.enl.uoa.gr/proiel/sources/73 | H6: Natasa, Eleni | J6: docx | K6: On OSF | L6: Πύλη για την ελληνική γλώσσα
A7: The Battle of Maldon | B7: Source text | C7: 10th century CE | D7: Old English | E7: Uploaded | F7: Uploaded, To be reviewed from scholars | H7: Eleni | I7: Thodoris | J7: docx | K7: Sent by email to Thodoris | L7: https://www.sacred-texts.com/neu/ascp/a09.htm
A8: Pride and Prejudice | B8: Source text | C8: 19th century CE | D8: Modern English | E8: Uploaded | F8: Uploaded, To be reviewed from scholars | H8: Eleni, Vangelis | I8: Vangelis/Thodoris | J8: docx | K8: Sent by email to Thodoris | L8: Gutenberg
A9: Lay le Freine | B9: Source text | C9: late 13th-14th century | D9: Old English | E9: Uploaded | F9: Uploaded, To be reviewed from scholars | H9: Eleni | I9: Thodoris | J9: docx | K9: Sent by email to Thodoris | L9: METS
A10: Sir Orfeo | B10: Source text | C10: late 13th-14th century | D10: Old English | E10: Uploaded | F10: Uploaded, To be reviewed from scholars | H10: Eleni | I10: Thodoris | J10: docx | K10: Sent by email to Thodoris | L10: METS | N10: Used https://metseditions.org/texts/A4GxkPrUzD59hz0LcavGPc7152ZE6Wz
A11: The Vision of Piers Plowman | B11: Source text | C11: 14th century CE | D11: Middle English | E11: Uploaded | F11: Uploaded, To be reviewed from scholars | H11: Eleni | I11: Thodoris | J11: docx | K11: Sent by email to Thodoris | L11: Michigan Library
A12: The Wanderer | B12: Source text | C12: 10th century CE | D12: Old English | E12: Uploaded | F12: Uploaded, To be reviewed from scholars | H12: Eleni | I12: Thodoris | J12: docx | K12: Sent by email to Thodoris | L12: https://www.sacred-texts.com/neu/ascp/a03_06.htm
A13: Ormulum | B13: Source text | C13: 12th century CE | D13: Old English | E13: Uploaded | F13: Uploaded, To be reviewed from scholars | H13: Sophia, Eleni | I13: Sophia | J13: docx | K13: On OSF | L13: Michigan library | N13: Used https://quod.lib.umich.edu/c/cme/AFW5744.0001.001/1:7?rgn=div1;view=fulltext - JUST INTRODUCTION chapters were added - SECUNDUM JOHANNEM XXXII. was not added since it is not completely transcribed
A14: Wycliffe Bible | B14: Translation | C14: 1382 | D14: Middle English | E14: Uploaded | F14: Uploaded, To be reviewed from scholars | H14: Sophia, Eleni | I14: Thodoris | J14: docx | K14: On OSF | L14: Wikisource | M14: Used wikisource
A15: Somnium Scipionis Κικέρωνα - μτφρ Πλανούδη | B15: Translation | C15: 13th century | D15: Medieval English | E15: PDF Scan | F15: To be preprocessed | H15: Eleni | J15: PDF (scan) | K15: On OSF | L15: Από έντυπο
A16: Chronographia - Ψελλός | B16: Source text | C16: 11th century CE | D16: Medieval Greek | E16: Uploaded | F16: Uploaded | H16: Eleni | I16: Thodoris | J16: docx | K16: On OSF | L16: https://byzantium.gr/keimena/psellos.php
A17: De Ceremoniis / [Book of Ceremonies] | B17: Source text | C17: 10th century CE [edition: 1829] | D17: Medieval Greek | E17: PDF | F17: To be preprocessed | H17: Eleni | J17: PDF | K17: On OSF | L17: Internet Archive
A18: Alexiad | B18: Source text | C18: 12th century CE | D18: Atticized Medieval Greek | E18: PDF | F18: To be preprocessed | H18: Eleni | I18: Eleni | J18: PDF | K18: On OSF | L18: http://khazarzar.skeptik.net/pgm/PG_Migne/Anna%20Komnena_PG%20131/Alexias.pdf
A19: Greek Anthology - Planudes (ed.) | B19: Source text | C19: 14th century CE | D19: Medieval Greek | E19: Downloaded | F19: To be preprocessed | H19: Eleni | J19: PDF | K19: On OSF | L19: Internet Archive
A20: Byzantine Chronicles - Ζωναράς | B20: Source text | C20: 12th century CE | D20: Medieval Greek | E20: Uploaded | F20: Uploaded | H20: Eleni | J20: PDF | K20: On OSF [1,2,3,4,5,6] | L20: Βικιθήκη
A21: Ptochoprodromos | B21: Source text | C21: 12th century CE | D21: Medieval Greek | E21: Downloaded | F21: To be preprocessed | H21: Eleni | J21: PDF | K21: On OSF | L21: Ανέμη
A22: De Hominis Opificio | B22: Source text | C22: 4th century CE | D22: Medieval Greek | E22: Downloaded | F22: To be preprocessed | H22: Eleni | J22: PDF | K22: On OSF | L22: http://khazarzar.skeptik.net/pgm/PG_Migne/Gregory%20of%20Nyssa_PG%2044-46/De%20opificio%20hominis.pdf
A23: Bibliotheca - by Photius | B23: Source text | C23: 9th century CE | D23: Medieval Greek | E23: PDF | F23: To be preprocessed | H23: Eleni | J23: PDF | K23: On OSF | L23: https://greekdownloads3.wordpress.com/wp-content/uploads/2014/09/bibliotheca.pdf
A24: Coverdale Bible | B24: Translation | C24: 1535 | D24: Early Modern English | E24: PDF | F24: To be preprocessed | H24: Eleni | I24: Sofia | J24: PDF | K24: On OSF | L24: https://evanbible.com/downloads/coverdale.pdf
A25: Geneva Bible | B25: Translation | C25: 1500[1599] | D25: Early Modern English | E25: Downloaded | F25: To be preprocessed | H25: Eleni | I25: Sofia | J25: PDF | K25: On OSF | L25: https://ebible.org/enggnv/
A26: King James Bible | B26: Translation | C26: 1611 | D26: Early Modern English | E26: Downloaded | F26: To be preprocessed | H26: Eleni | I26: Sofia | J26: PDF | K26: On OSF | L26: https://ebible.org/pdf/eng-kjv/eng-kjv_all.pdf
A27: Revised Version | B27: Translation | C27: 1885 | D27: Modern English | E27: Downloaded | F27: To be preprocessed | H27: Eleni | J27: PDF | K27: On OSF | L27: https://ebible.org/pdf/eng-rv/eng-rv_all.pdf
A28: Douay-Rheims Bible | B28: Translation | C28: 1582-1610 | D28: Early Modern English | E28: Downloaded | F28: To be preprocessed | H28: Eleni | I28: Eleni | J28: PDF | K28: On OSF | L28: https://ebible.org/pdf/engDRA/engDRA_all.pdf
A29: Young's Literal Translation | B29: Translation | C29: 1862 | D29: Modern English | E29: Downloaded | F29: To be preprocessed | H29: Eleni | I29: Eleni | J29: PDF | K29: On OSF | L29: https://ebible.org/engylt/
A30: World English Bible | B30: Translation | C30: 2000 | D30: Modern English | E30: Downloaded | F30: To be preprocessed | H30: Eleni | I30: Eleni | J30: PDF | K30: On OSF | L30: https://ebible.org/pdf/engwebp/engwebp_all.pdf
A31: Against Heresies - by Irenaeus | B31: Source text | C31: 2nd century CE | D31: Koine Greek | E31: Downloaded | F31: To be preprocessed | H31: Eleni | J31: PDF | K31: On OSF [1-2, 3, 4, 5] | L31: https://greekdownloads.wordpress.com/2014/09/29/%CE%AC%CE%B3%CE%B9%CE%BF%CF%82-%CE%B5%CE%B9%CF%81%CE%B7%CE%BD%CE%B1%CE%AF%CE%BF%CF%82-%CE%BB%CE%BF%CF%85%CE%B3%CE%B4%CE%BF%CF%8D%CE%BD%CE%BF%CF%85-irenaeus-lugdunensis-pg-07/
A32: Chronographia - by John Malalas | B32: Source text | C32: 6th century CE | D32: Medieval Greek | E32: Downloaded | F32: To be preprocessed | H32: Eleni | J32: PDF | K32: On OSF | L32: Internet Archive
A33: Kontakia - by Romanos the Melodist | B33: Source text | C33: 6th century CE | D33: Medieval Greek
A34: Kontakia - by Romanos the Melodist | B34: Translation [by Marjorie Carpenter] | C34: 1970 [from 6th century CE] | D34: Modern English [from Medieval Greek] | E34: Downloaded | F34: To be preprocessed | H34: Eleni | J34: PDF | K34: Excerpts_On OSF | L34: Internet Archive
A35: Erotokritos - by Vitsentzos Kornaros | B35: Source text | C35: 17th century CE | D35: Modern Greek | E35: Downloaded | F35: To be preprocessed | H35: Eleni | J35: PDF | K35: Many editions _On OSF | L35: Ανέμη (1909) | M35: Ανέμη (1915) | N35: Ανέμη (1977)
A36: Beowulf | B36: Source text | C36: 8th-11th century CE | D36: Old English | E36: Downloaded | F36: To be preprocessed | H36: Eleni | I36: Sofia | J36: txt | K36: On OSF | L36: Gutenberg
A37: Beowulf | B37: Source text | C37: 8th-11th century CE | D37: Old English | E37: Uploaded | F37: Uploaded, To be reviewed from scholars | I37: Sofia | J37: online | L37: https://en.wikisource.org/wiki/Beowulf_(Wyatt)
A38: The Tale of Beowulf | B38: Translation | C38: 19th century | D38: Modern English [from Medieval Greek] | E38: Uploaded | F38: Uploaded, To be reviewed from scholars | I38: Sofia | J38: online | L38: https://en.wikisource.org/wiki/The_Tale_of_Beowulf
A39: The Dream of the Rood | B39: Source text | C39: 10th century CE | D39: Old English | E39: Uploaded | F39: Uploaded, To be reviewed from scholars | H39: Eleni | J39: txt | K39: On OSF | L39: https://www.sacred-texts.com/neu/ascp/a02_05.htm
A40: The Owl and the Nightingale | B40: Source text | C40: 13th century CE | D40: Old English | E40: Uploaded | F40: Uploaded, To be reviewed from scholars | H40: Eleni | J40: txt | K40: On OSF | L40: Michigan Library | N40: Used curl download from https://quod.lib.umich.edu/c/cme/OwlC/1:1?rgn=div1;view=fulltext. Removed folio info, removed brackets from suggested letters
A41: Canterbury Tales | B41: Source text | C41: 14th century CE | D41: Middle English | E41: Downloaded | F41: To be preprocessed | H41: Eleni | J41: txt | K41: On OSF | L41: LLDS (Literary and Linguistic Data Service) of Oxford
A42: Le Morte d'Arthur | B42: Source text | C42: 15th century CE | D42: Middle English | E42: Downloaded | F42: To be preprocessed | H42: Eleni | J42: txt | K42: On OSF | L42: Gutenberg
A43: Paradise Lost | B43: Source text | C43: 17th century CE | D43: Early Modern English | E43: Downloaded | F43: To be preprocessed | H43: Eleni | J43: txt | K43: On OSF | L43: Gutenberg
A44: Hamlet | B44: Source text | C44: 17th century CE | D44: Early Modern English | E44: Downloaded | F44: To be preprocessed | H44: Eleni | J44: txt | K44: On OSF | L44: Gutenberg
A45: Ulysses | B45: Source text | C45: 20th century CE | D45: Modern English | E45: Downloaded | F45: To be preprocessed | H45: Eleni | J45: docx | K45: On OSF | L45: Gutenberg
A46: The Seafarer | B46: Source text | C46: 10th century CE | D46: Old English | E46: Uploaded | F46: Uploaded, To be reviewed from scholars | H46: Eleni | J46: docx | K46: On OSF | L46: https://www.sacred-texts.com/neu/ascp/a03_09.htm
A47: Doctor Faustus | B47: Source text | C47: 16th century CE | D47: Early Modern English | E47: Downloaded | F47: To be preprocessed | H47: Eleni | J47: docx | K47: On OSF | L47: Gutenberg
A48: Frankenstein | B48: Source text | C48: 19th century CE | D48: Modern English | E48: Downloaded | F48: To be preprocessed | H48: Eleni | J48: docx | K48: On OSF | L48: Gutenberg
A49: Boethius' Consolation of Philosophy - transl. Chaucer | B49: Translation | C49: c. 1380 CE - πρωτότυπο: 524 CE | D49: Middle English | E49: Downloaded | F49: To be preprocessed | H49: Eleni | I49: Vassilis | J49: txt | K49: On OSF | L49: Gutenberg
A50: Boethius' Consolation of Philosophy - transl. James | B50: Translation | C50: 1897 CE: 524 CE | D50: Modern English | E50: Downloaded | F50: To be preprocessed | H50: Eleni | I50: Natasa | J50: docx | K50: On OSF | L50: Gutenberg
A51: Boethius' Consolation of Philosophy - transl. King Alfred | B51: Translation | C51: c. 890 CE: 524 CE | D51: Old English | E51: PDF scan | F51: To be preprocessed | H51: Eleni | I51: Vassilis | J51: PDF | K51: On OSF | L51: Wikipedia
A52: Boethius' Consolation of Philosophy - transl. Queen Elizabeth I | B52: Translation | C52: c. 1593 CE - original 524 CE | D52: Early Modern English | E52: PDF scan | F52: To be preprocessed | H52: Eleni | I52: Natasa | J52: PDF | K52: On OSF | L52: Internet Archive
A53: Aesop's Fables - by Planudes | B53: Source text | C53: 15th century CE - original: 6th century BCE | D53: Medieval Greek | E53: PDF scan | F53: To be preprocessed | H53: Eleni | J53: PDF | K53: ON OSF | L53: Internet Archive
A54: Άσμα του Αρμούρη / Song of Armouris | B54: Source text | C54: 11th-12th century CE | D54: Medieval Greek | E54: Uploaded | F54: Uploaded | G54: Uploaded, To be reviewed from scholars | H54: Eleni | I54: Vassilis/Thodoris | J54: docx | K54: On OSF | L54: http://users.uoa.gr/~nektar/arts/tributes/poetry_of_romania/armoyrhs.htm
A55: Imperios and Margarona | B55: Source text | C55: 14th century CE - edition 1874 | D55: Medieval Greek | E55: PDF scan | F55: To be preprocessed | H55: Eleni | J55: PDF | K55: On OSF | L55: Ανέμη
A56: Περί του γέροντος του φρονίμου Μουτζοκουρεμένου (ή Ιστορία του Πτωχολέοντος) | B56: Source text | C56: 14th century CE - edition 1875 | D56: Medieval Greek | E56: Downloaded | F56: To be preprocessed | H56: Eleni | J56: PDF | K56: On OSF | L56: Ανέμη
A57: Απόκοπος του Μπεργαδή | B57: Source text | C57: 15th century CE - edition 1870 | D57: Medieval Greek | E57: PDF scan | F57: To be preprocessed | H57: Eleni | J57: PDF | K57: On OSF | L57: Ανέμη
A58: MEDEA - transl. Gilbert Murray | B58: Translation | C58: 1912 | D58: Modern English | E58: Uploaded | F58: Uploaded | H58: Eleni | I58: Natasa | J58: txt | K58: On OSF | L58: Gutenberg
A59: The Holy Gospels in Anglo-Saxon, Northumbrian, and Old Mercian Versions | B59: Translation | C59: 1871-1887 | D59: Old English | E59: Downloaded | F59: To be preprocessed | H59: Eleni | J59: PDF | K59: On OSF | L59: Internet Archive
A60: Gesta Karoli Magni ad Carcassonam et Narbonam / Vita Karoli Magni (Life of Charlemagne) | B60: Source text | C60: 9th c. - 1898 edition | D60: Medieval Latin | E60: Downloaded | F60: To be preprocessed | H60: Eleni | J60: PDF | K60: On OSF | L60: Internet Archive
A61: Anglo-Saxon And Early English Psalter: now first printed from manuscripts in the British museum. Volume 1 | B61: Translation | C61: c. 450-1100 CE | D61: Old English, Early Modern English | E61: PDF scan | F61: To be preprocessed | H61: Eleni | I61: Vassilis | J61: PDF | K61: On OSF | L61: Internet Archive (vol.1)
A62: Lindisfarne Gospels - Matthew | B62: Translation | C62: c. 715–720 | D62: Latin with Anglo Saxon interlinear gloss, and metrical translation into Middle English on opposite pages. | E62: PDF scan | F62: To be preprocessed | H62: Eleni | J62: PDF | K62: On OSF | L62: Internet Archive (only Gospel of Matthew)
A63: Roman de la Rose-A. S. Kline trnsl. | B63: Translation | C63: 2019 | D63: Modern English | E63: Downloaded | F63: To be preprocessed | H63: Sofia | I63: Eleni | J63: txt | K63: On OSF/ drive | L63: https://www.gutenberg.org/files/16816/16816-h/16816-h.htm
A64: Roman de la Rose - by Jean de Meun | B64: Source text | C64: 1240?-1305? | D64: Old French | E64: Downloaded | F64: To be preprocessed | H64: Eleni/Sofia | I64: Eleni/Sofia | L64: Internet Archive
A65: Le Roman de la Rose - PIERRE MARTEAU | B65: Translation | C65: 1878 | D65: Modern French | E65: Downloaded | F65: To be uploaded | H65: Sofia/Eleni | I65: Sofia | J65: txt | K65: On OSF/ drive | L65: https://www.poetryintranslation.com/PITBR/French/LeRomanDeLaRosehome.php
A66: Hexapla - by Origen | B66: Source text / Translation | C66: 3rd century CE | D66: Multilingual [6 versions: 1 Hebrew original, 1 Hebrew transliterated to Greek, 4 Greek translations] | E66: Downloaded | F66: To be preprocessed | H66: Eleni | J66: PDF | K66: On OSF | L66: vol.1 [text starts on page 110] | M66: vol.2
A67: Boethius' Consolation of Philosophy - transl. Maximus Planudes | C67: 13th century CE | D67: Medieval Greek | E67: Downloaded | F67: To be uploaded | H67: Sophia, Natasa, Vassilis, Eleni | I67: Sofia/Eleni | J67: txt | K67: On drive, Books A,B,C,D(half) | L67: Ψηφιοθήκη ΑΠΘ
A68: Jerome's Vulgate | B68: Translation | C68: 4th century AD | D68: Latin | E68: Downloaded | F68: To be uploaded | H68: Sofia/Eleni | I68: Sofia/Eleni/Theo | K68: https://github.com/syntacticus/syntacticus-treebank-data/blob/main/proiel/latin-nt.xml
A70: Σε δεύτερη φάση
A71: FIFTEENTH CENTURY PROSE AND VERSE | B71: Source text / Translation | C71: 15th century | D71: Late Middle English | E71: Downloaded | F71: To be preprocessed | H71: Eleni | J71: txt | K71: On OSF | L71: Gutenberg
A72: The Kyng Alisaunder | B72: Source text | C72: 13th century/early 14th century | D72: Middle English | E72: Downloaded | F72: To be preprocessed | H72: Eleni | J72: PDF | K72: On OSF | L72: Internet Archive
A73: Alexander Romance ("Pseudo-Callisthenes") - transl. Richard Stoneman | B73: Translation | C73: 3rd-2nd century BCE | D73: Modern English | E73: Downloaded | F73: To be preprocessed | H73: Eleni | J73: PDF | L73: Internet Archive
A74: The Middle English Breton Lays | B74: Source text | C74: between 1150 and 1450 | D74: Middle English | E74: Downloaded | F74: To be preprocessed | H74: Eleni | J74: PDF | K74: Collection of texts: Sir Orfeo, Lay le Freine (τα έχουμε), Sir Degare, Emare, Sir Launfal, Sir Gowther, Erle of Tolous, Sir Cleges | L74: METS
A75: Orpheus and Eurydice in Ovid's Metamorphoses | B75: Source text | C75: 8 CE | D75: Latin | E75: Downloaded | F75: To be preprocessed | H75: Eleni | J75: txt | K75: On OSF | L75: The Latin Library
A76: Fourteenth Century VERSE & PROSE | B76: Source text | C76: 1921 | D76: Middle English | E76: Downloaded | F76: To be preprocessed | H76: Eleni | J76: txt | K76: On OSF [John Gower, John de Trevisa, John Wiclif, Mandeville's Travels, Michael of Northgate, Miscellaneous pieces, Piers Plowman [already on PROEIL], Political pieces, Richard Rolle, Robert Mannyng, Sir Gawayne, Sir Orfeo [already on PROEIL], The Bruce, The Dancers of Coldek, Destruction of Troy, The Pearl, Towneley Play of Noah, A York Play] | L76: Gutenberg link
A80: στο PROEIL | B80: προς επεξεργασία
